component,observed_fraction,bootstrap_median,bootstrap_ci_low,bootstrap_ci_high
1,0.4141241293238075,0.4220490857820075,0.2983305054745688,0.5242421930405495
2,0.16126115249808512,0.17420243987981637,0.11719069733271403,0.24248735603104724
3,0.08480248728443573,0.08998725318702383,0.0588767190315448,0.13478952668133481
4,0.047045732818142554,0.05452948746559025,0.039249762688226913,0.07555274575511606
5,0.035179747176526194,0.04062490195510435,0.030189928282339802,0.05400103002269648
6,0.030885666336388395,0.031869163230108286,0.024489975048451778,0.04271031694071612
7,0.025538595408693177,0.025384947642775248,0.019265354650790368,0.03388500559075885
8,0.01721784569911146,0.020386893542576896,0.01648959394249598,0.027673739400722236
9,0.0148323912627061,0.017590823707323115,0.013867400373598973,0.02418687503967682
10,0.013401884549605954,0.015205391492799668,0.012430398456512675,0.020327259037269473
