patient_id,PC1,PC2,PC3,PC4,PC5,PC6,PC7,PC8,PC9,PC10,exploratory_best_k,exploratory_cluster,accepted_cluster,interpretation
P1,-14.618212563848848,-2.384992719030414,-15.570626151188845,18.010256580245652,5.6696994165811345,-0.5957861482590423,1.0730761636035833,-2.9812762275046953,0.8143462661603265,-2.3250193899368505,2,2,,computational response pattern; not a clinical subtype
P2,33.1495313535894,6.020424267016613,0.4895063086713888,-0.2412795776241349,1.0832147922562094,-7.136946997709107,4.6648513043485975,8.98465762585315,0.21563605441686845,3.4941270770003503,2,1,,computational response pattern; not a clinical subtype
P3,-19.782244252333875,8.94263012051045,1.7960633698487296,-5.864118344895658,1.589463069749485,-13.46250513785968,-2.2050144269303837,-2.268093836607182,9.403855543437382,-3.8593165191163683,2,2,,computational response pattern; not a clinical subtype
P4,-1.0700074182804047,1.3092977547353428,-0.6330282175829306,1.607017477849986,0.743760167067336,9.433482763320667,1.86473863928063,1.4982343553447834,2.108621696274488,-5.4154372791087955,2,2,,computational response pattern; not a clinical subtype
P5,6.360383293131401,-0.29682195158844704,9.291980337773094,3.9139858547330095,-4.494071012250631,-1.6837890627175223,-0.6504261216712152,-0.23710096025689795,2.703744867191273,2.2431771909752976,2,1,,computational response pattern; not a clinical subtype
P6,-6.196173062409743,-7.0684194745342595,2.9783568579621504,5.623528190274463,-4.634639181490309,4.820198869744484,-5.46281461465036,6.745954012505172,2.4932577321407434,-1.5532620854371066,2,2,,computational response pattern; not a clinical subtype
P7,-6.962969342381088,4.580461390719324,4.468504232966762,-1.5823489504382422,2.8375581642324,1.9677136628760266,2.366550771628984,-2.056424125644353,2.8651937340053806,2.8206320293036313,2,2,,computational response pattern; not a clinical subtype
P8,-2.537697566858531,2.5823260895345888,7.7979142113442474,6.577213007195939,-1.0168901065251086,-0.5716930902826727,-2.8121355092119766,2.3266234033360584,1.3397105682367614,0.7332199165944691,2,2,,computational response pattern; not a clinical subtype
P9,-6.740033404021205,-5.219616682430646,-11.463458521799877,0.4046110311911626,-2.3840236203332315,0.17474311246219842,-2.05545073913714,-1.1555060955250132,-0.9501977618366053,0.4019311555134912,2,2,,computational response pattern; not a clinical subtype
P10,-14.244767266369399,-2.8803481476721045,8.48265900458079,-2.3107917414479267,-6.558635877397541,-3.6335721080971606,0.2605591645842385,1.9290623833434826,-0.9902972413692321,-2.270165508113367,2,2,,computational response pattern; not a clinical subtype
P11,12.548856206671488,-0.9611372278387735,6.12698775071596,3.4458419548290213,-5.075795911776339,-1.6444574944829906,1.7052444744871287,1.0246695955262484,-6.65938618381809,-1.1156874247452995,2,1,,computational response pattern; not a clinical subtype
P12,-9.626989532865135,8.352345068408207,1.581834515341395,-0.5265979613614428,-2.3625155984629496,1.0337247036373314,3.239770695943295,-1.466931540195584,3.568149413751414,1.6098678015683408,2,2,,computational response pattern; not a clinical subtype
P13,-11.942677663994669,0.6819350562019192,7.62624788112903,-3.772614988902133,3.5690006048015173,3.6518548824691335,1.799045222265056,-3.5562169376003143,-2.542705105535113,-1.264930881492668,2,2,,computational response pattern; not a clinical subtype
P14,8.827919770915132,-4.388691548682963,0.15893810954609225,-0.9684083629739523,-7.74507897831532,1.405440074356821,-0.41326595511105024,1.1154332555847952,-3.862513948196378,-3.681243497779409,2,1,,computational response pattern; not a clinical subtype
P15,-10.934980592535268,1.1810143162458704,5.305242342489442,-5.3837042062883285,-1.4899071230543321,4.131222462271061,6.272679096681356,1.0133864193476951,-0.9852347989218702,0.696297784131026,2,2,,computational response pattern; not a clinical subtype
P16,-27.078207567734122,0.3954045070971702,9.301940105880952,2.985150859931972,0.9067431602433726,-8.335200955552578,-1.6314695455537012,0.28684187096075175,-2.210821083799271,-0.3676618704722175,2,2,,computational response pattern; not a clinical subtype
P17,-15.925256643050798,-0.620814250982056,0.03994038676461528,6.352987535033777,3.1440464539562236,-3.0889086231975984,-0.2621305436655304,2.2531330412227772,-1.508732162598368,1.0662443110224373,2,2,,computational response pattern; not a clinical subtype
P18,29.230962023498357,18.0668424202586,1.5661722423613513,-4.700455492446133,4.020632062688197,-2.4194777740159803,-0.21444826764447572,3.2342320549357457,-2.3324428824269345,-5.893829025160443,2,1,,computational response pattern; not a clinical subtype
P19,41.89482725131422,13.930397594380075,-3.4767865560110325,0.8944856683015437,-0.40884986041392446,-5.9905910313726665,3.140405144659555,-4.3744772305606565,-0.1759712164064771,0.013170950728153451,2,1,,computational response pattern; not a clinical subtype
P20,-4.529929808911483,-18.414527137050694,9.715294413461656,-1.527856589665895,7.488475483124481,-1.3747518086718362,-0.48088203073815106,-1.622762100883445,-0.656037298513475,1.732781712990663,2,2,,computational response pattern; not a clinical subtype
P21,22.11318090937646,-11.559009649604777,-6.6775724544701776,2.8994603765325158,1.4465074825138111,0.3085832123172838,10.64443878727681,1.1796329995385677,3.448993667599704,5.650346908920646,2,1,,computational response pattern; not a clinical subtype
P22,-16.60727303705369,9.217432839771602,-9.525480427242833,1.160527268105857,-4.883341812247207,4.078788690447783,7.72717982523732,3.5949272337590132,-1.8240659235089487,-2.551921826020556,2,2,,computational response pattern; not a clinical subtype
P23,7.709671808345765,-22.04451249354156,3.8381888574963896,-5.607605569548742,15.695023475453631,0.9566468066189086,5.286334269763535,2.336977468916603,-0.12397136889930145,-6.75339144469007,2,1,,computational response pattern; not a clinical subtype
P24,-15.995641908575626,3.7977221459299484,0.9689740175271266,-5.717058414393097,1.7097656697105827,-2.1593115931954814,-2.578456152415129,0.20996151973656654,-4.437220600057846,2.7776882537282255,2,2,,computational response pattern; not a clinical subtype
P25,5.599567810930785,26.116660739656883,6.99352045262404,5.729389974575933,11.776963745409935,7.707965737700016,-7.3663521288847855,0.40815813966683356,-3.1589077346132504,4.6201825709441655,2,2,,computational response pattern; not a clinical subtype
P26,-0.27002279326091794,0.41385640285017755,-1.527716324728414,-4.201334315307318,-5.206220297340507,4.371402755722493,0.3398121129321548,-5.5997663149188135,-0.5077034654375362,-2.2690322321301304,2,2,,computational response pattern; not a clinical subtype
P27,0.817690091226423,4.057049072631762,10.79202425476215,-4.40422965020307,-2.8272704459666436,1.9385419217704272,-1.0748282740106827,-1.0074918576556922,1.0242420315758878,1.3431697870940547,2,2,,computational response pattern; not a clinical subtype
P28,2.135531209368343,-17.878641106178847,2.538318035000683,-2.092105051746971,-3.4335314342002405,1.6158507777048037,-2.482615733786812,1.3492201640904038,0.7268556496230367,-0.2569518268185747,2,2,,computational response pattern; not a clinical subtype
P29,-8.229782021203533,-8.91776167019557,5.039670033442952,-0.4959589608724384,-1.965909801799853,-1.978893930425134,2.3476950846805007,-2.978450227798543,-5.138616199247465,2.7123539357440927,2,2,,computational response pattern; not a clinical subtype
P30,-7.609626231467819,-0.5952589535914283,-0.9170413614084901,-5.026022889936801,-0.7156454938574074,0.3577540897435878,-3.2921614414036577,1.5061447740509697,2.1823859368541245,3.285051565416953,2,2,,computational response pattern; not a clinical subtype
P31,22.5246505437033,-18.875894111914505,1.0580201284017552,0.2582138414872322,1.338887601354711,1.1270358345186529,-6.502908243324627,-1.0337158580413828,3.175304155475642,0.6935375606746458,2,1,,computational response pattern; not a clinical subtype
P32,-18.842302513247947,5.333472170578386,-2.6650278794176017,11.973328966892963,1.8361804708829292,-3.3428535212707704,1.4003399209724114,0.0861174564279913,-0.6367886647472706,-1.9720345384509717,2,2,,computational response pattern; not a clinical subtype
P33,-1.6690493577449943,-7.2612879933209475,-9.587538236900317,-4.256808659121635,1.3310734065900323,3.424756322680309,-1.7174870590082583,-1.835225368205808,-0.39757659408976714,2.9771070547631613,2,2,,computational response pattern; not a clinical subtype
P34,-1.5542272102858785,13.111719634425446,1.5384471054401754,-3.6004829262026408,-1.8935046929568817,5.36588846421512,3.976013164845762,-0.914361996025759,4.1483163845314035,1.9567869697730944,2,2,,computational response pattern; not a clinical subtype
P35,-10.82087727713388,8.557874528219282,-15.839350070992005,-7.904467409216443,2.464741053363142,-2.4219972208170097,-2.2725221051727726,3.968751394177236,-0.8572434158935479,1.1932299564766842,2,2,,computational response pattern; not a clinical subtype
P36,-6.801135427560448,5.451079532605581,-12.090650473030696,-7.038481693944183,-2.1869573361199905,-0.6574992170307803,-4.5476813958268,2.1229730788658565,-2.4430043827456434,-1.8043968739900733,2,2,,computational response pattern; not a clinical subtype
P37,13.121580541316098,-1.492988600812397,0.7848408950891183,4.658700570133474,-3.8399006917824337,5.337254075966442,-5.343356670036585,3.9845573157769665,5.273825883951509,-1.0997662915720208,2,1,,computational response pattern; not a clinical subtype
P38,-7.816774566898742,7.297966732346918,-1.076027866436605,-1.8784324795084382,-0.5121168952864626,3.3416988399860057,4.117125963110972,-6.054639254389978,2.28517600151944,-0.9104511019514414,2,2,,computational response pattern; not a clinical subtype
P39,2.629350426771274,-8.393841873862565,-16.346794982417514,-6.932864894171954,2.3284466944267344,-0.5700561974324506,-5.365017366181207,-0.6591944245721584,-0.6477070009858944,2.4433919251164675,2,2,,computational response pattern; not a clinical subtype
P40,-7.04012841923777,-10.697200696787855,-2.9002762815696776,3.9950011747954237,-4.129981080559451,-3.6929499709542775,2.9799466248537527,-0.06858821336717463,-2.0195760463239987,3.746437012876288,2,2,,computational response pattern; not a clinical subtype
P41,12.330431651706869,2.7002431353817546,2.4732978009747852,1.5179231119640137,0.814979774769523,1.4420160010097223,-2.2796322114602425,-4.30151658005938,-1.4695690774685743,-0.35187627358096835,2,1,,computational response pattern; not a clinical subtype
P42,34.45285255740049,-2.146389229885079,-2.4555078463997897,4.026405686143668,-4.030375497038605,-3.231322178194556,-4.1947498953300855,-6.987910413154837,-1.2413254293045133,-2.4943575407889895,2,1,,computational response pattern; not a clinical subtype
