component,rank_by_absolute_loading,feature_key,feature_id_original,loading
1,1,F01658,CYC1,-0.09773540528324433
1,2,F07684,UQCRB,-0.09346279285869541
1,3,F00283,ALDOA,-0.08809506900784768
1,4,F04576,NDUFV1,-0.08708137439033482
1,5,F04570,NDUFS3,-0.08628276050850818
1,6,F00605,ATP5F1B,-0.08547874077448342
1,7,F06290,SDHB,-0.08524791866089843
1,8,F02001,DUSP3,-0.08342889579933353
1,9,F04850,OGDH,-0.08293359701923285
1,10,F06933,SUCLA2,-0.08274928248723688
1,11,F01868,DLD,-0.08155498996834258
1,12,F04331,MT-CO2,-0.08145054548529956
1,13,F00615,ATP5PD,-0.08109073861347936
1,14,F07759,VDAC3,-0.0806827397340362
1,15,F04563,NDUFB6,-0.07997176275906973
1,16,F04561,NDUFB4,-0.07922535050852382
1,17,F04543,NDUFA4,-0.07917437217584672
1,18,F04568,NDUFS1,-0.0787726348095392
1,19,F06216,SAMM50,-0.07867322388211818
1,20,F04566,NDUFB9,-0.0784160631004398
1,21,F02024,ECH1,-0.0780888599146428
1,22,F07686,UQCRC2,-0.07802545972565882
1,23,F04558,NDUFB11,-0.07791025714501149
1,24,F04048,MDH2,-0.07729270620221705
1,25,F07687,UQCRFS1,-0.07711465119327225
1,26,F00617,ATP5PO,-0.07711340598403955
1,27,F04539,NDUFA12,-0.07665838205058124
1,28,F04540,NDUFA13,-0.07635892501565321
1,29,F03403,ISOC2,-0.07582592378199957
1,30,F01867,DLAT,-0.07580166034817878
2,1,F04543,NDUFA4,-0.09050332759839018
2,2,F07762,VIM,0.08812536907196
2,3,F03432,ITIH2,0.08665696142193509
2,4,F06380,SERPINF2,0.08661696450517499
2,5,F04561,NDUFB4,-0.08515658277009157
2,6,F06375,SERPINC1,0.08418335499953251
2,7,F04331,MT-CO2,-0.08405541285993817
2,8,F04558,NDUFB11,-0.08330122572504402
2,9,F00857,C6,0.08286781110034613
2,10,F04576,NDUFV1,-0.08102554312594254
2,11,F00871,C9,0.0805783074210766
2,12,F00867,C8B,0.08014182489271678
2,13,F04546,NDUFA6,-0.07933207496187046
2,14,F01201,CFD,0.07874217312615826
2,15,F07759,VDAC3,-0.07864700236748043
2,16,F00866,C8A,0.07784549618807891
2,17,F03095,HPR,0.07749669938692179
2,18,F01398,COL1A1,0.0773712629710559
2,19,F03103,HRG,0.07727162043027959
2,20,F02303,F13A1,0.07594979344998395
2,21,F07521,TTR,0.07570361698938981
2,22,F04048,MDH2,-0.07522337436345106
2,23,F04170,MMRN1,0.07505386469321056
2,24,F03431,ITIH1,0.07497423577024802
2,25,F00401,APCS,0.07491541447016525
2,26,F00423,APOC3,0.07331323537749877
2,27,F01482,CP,0.07324660532041563
2,28,F01330,CLU,0.07250485730551748
2,29,F04549,NDUFA9,-0.07205444448446127
2,30,F01399,COL1A2,0.07193941253759631
3,1,F07224,TMED4,0.14174885932057169
3,2,F07560,TXNDC5,0.1356557410194209
3,3,F04476,NANS,0.13117360131167483
3,4,F03129,HSP90B1,0.1296678370430669
3,5,F05052,PDIA4,0.12461149484694223
3,6,F02269,EVPL,-0.12354459970002706
3,7,F06133,RRBP1,0.12154718534935341
3,8,F03384,IQGAP2,0.11139003555838896
3,9,F05396,PPL,-0.1105749027468209
3,10,F01614,CTSZ,0.1105287607721253
3,11,F02232,ERGIC1,0.1091957777694601
3,12,F05216,PKP1,-0.10743490953981415
3,13,F05465,PRDX4,0.105874378656687
3,14,F00449,ARF4,0.10555213752237193
3,15,F03784,LMAN1,0.10483904627593439
3,16,F06400,SFN,-0.10417805810269386
3,17,F03143,HSPB1,-0.10124576954091496
3,18,F04143,MLEC,0.10118785496108133
3,19,F03623,KRT5,-0.1010835069503771
3,20,F07136,TGOLN2,0.09832161783593109
3,21,F03903,LYZ,0.09813768515249187
3,22,F03626,KRT6C,-0.09679840853066529
3,23,F03625,KRT6B,-0.09458035838378478
3,24,F01577,CSTB,-0.09442820894768561
3,25,F03624,KRT6A,-0.09402890388982135
3,26,F01981,DSP,-0.09262137879964001
3,27,F02031,ECM1,-0.09164029709908121
3,28,F02315,FABP5,-0.09140176003349254
3,29,F05549,PRXL2A,-0.09087475456350724
3,30,F06303,SEC22B,0.09079772711344931
4,1,F07567,TYMP,-0.17616634549786042
4,2,F05546,PRTN3,-0.148869693313155
4,3,F06198,S100P,-0.14803574790182703
4,4,F04177,MNDA,-0.13235296562553173
4,5,F03609,KRT17,-0.13231771935369654
4,6,F02127,ELANE,-0.13123793365933104
4,7,F02213,EPPK1,-0.12797587632782342
4,8,F00656,AZU1,-0.12586941264897228
4,9,F04207,MPO,-0.1255967136965075
4,10,F02533,FSCN1,-0.12095304194747555
4,11,F04398,MYH14,0.1186131652722814
4,12,F06869,STAT1,-0.11774315475597331
4,13,F05143,PHGDH,0.11504470838029973
4,14,F01742,DDAH2,0.11243973900927638
4,15,F03016,HLA-A,-0.10922725608584058
4,16,F01608,CTSG,-0.10844738214508902
4,17,F02624,GCA,-0.10792060219966282
4,18,F00269,ALDH1A1,0.10422533823565505
4,19,F03606,KRT14,-0.10363191206232082
4,20,F01459,CORO1A,-0.10358086195131339
4,21,F00042,ABHD14B,0.1026413003964697
4,22,F07022,TAPBP,-0.10093736750777646
4,23,F03878,LTF,-0.10079723436070923
4,24,F04853,OGN,0.0971859633860389
4,25,F07332,TNS1,0.09652252729529309
4,26,F07822,WARS1,-0.09271536808892394
4,27,F06189,S100A2,-0.09228137637346083
4,28,F05679,PYCARD,-0.09152635017282243
4,29,F03884,LUM,0.09107681959644565
4,30,F03603,KRT10,-0.08970143198253468
5,1,F00766,BPGM,-0.1571600430052909
5,2,F03769,LIMA1,-0.14675984992008415
5,3,F00974,CAVIN3,-0.13418504327867606
5,4,F02533,FSCN1,-0.12767153620196994
5,5,F03609,KRT17,-0.1243795093945356
5,6,F06540,SLC2A1,-0.12225790217852495
5,7,F07391,TPT1,-0.11844436708080042
5,8,F03910,MACF1,-0.1179131991657924
5,9,F05569,PSMB6,-0.11626114763884675
5,10,F04589,NEDD8,-0.11084888019395733
5,11,F02906,H1-3,0.11027047253673487
5,12,F05568,PSMB5,-0.10846302424865985
5,13,F07759,VDAC3,0.10433914769599004
5,14,F00691,BCAM,-0.10170015437522953
5,15,F00877,CA2,-0.10038026630238484
5,16,F05113,PFN2,-0.09954800236685085
5,17,F05463,PRDX2,-0.0994446578473856
5,18,F07316,TNKS1BP1,-0.0992617317623123
5,19,F01459,CORO1A,0.09911054213226939
5,20,F01615,CTTN,-0.09724092038192546
5,21,F06782,SPTA1,-0.09614284124318133
5,22,F07384,TPPP3,-0.09549195098596867
5,23,F04096,MFSD10,0.09223975563945681
5,24,F00969,CAV1,-0.09190613564287572
5,25,F07224,TMED4,0.09160783835281597
5,26,F02425,FDPS,-0.09146043817657992
5,27,F01052,CD14,0.08999026381797876
5,28,F00743,BLVRB,-0.08978527564186714
5,29,F03693,LAMB1,-0.08728660838056423
5,30,F04128,MIF,-0.08659590660028181
