feature_key,feature_id_original,duplicate_identifier,compound_identifier,evidence_tier,integrated_priority_tier,complete_pair_count,mean_log2_T_minus_N,ci_low,ci_high,bh_q_value_abundance,detection_fraction_T_minus_N,bh_q_value_detection,direction_consistency,multiverse_sign_agreement,multiverse_fdr_support_frequency,multiverse_core_support_frequency,lopo_max_absolute_effect_change,lopo_sign_flip_count,lopo_abundance_core_fraction,lopo_detection_core_fraction,leading_edge_pathway_names,ml_max_selection_frequency,ml_max_sign_consistency,ml_max_mean_heldout_importance,limitation_ids,allowed_claim,all_abundance_missing,eligible,median_log2_T_minus_N,moderated_standard_error,moderated_t,moderated_df,ordinary_standard_error,ordinary_t,ordinary_p_value,p_value,positive_pair_count,negative_pair_count,discordant_pairs,exact_p_value,sensitivity_detection_discordant_pairs,sensitivity_detection_fraction_T_minus_N,sensitivity_detection_bh_q_value,sensitivity_runs_eligible,sensitivity_sign_agreement,sensitivity_fdr_fraction,abundance_core,detection_primary_core,detection_core,cross_view_direction_concordant,identifier_unambiguous,permitted_claim,multiverse_eligible_runs,multiverse_effect_min,multiverse_effect_max,multiverse_effect_median,multiverse_rank_percentile_sd,multiverse_effect_range,lopo_eligible_runs,lopo_effect_min,lopo_effect_max,lopo_max_standardized_effect_change,lopo_worst_patient,lopo_abundance_fdr_fraction,lopo_detection_fdr_fraction,lopo_tier_retention_fraction,leading_edge_pathway_ids,leading_edge_pathway_count,ml_views,ml_modalities,ml_positive_importance_any,robust_abundance_evidence,robust_detection_evidence,ml_stable_evidence,pathway_leading_edge_evidence,follow_up_branch,absolute_internal_effect,multiplicity_strength,lopo_relevant_retention,additional_evidence_dimensions,pareto_front,readiness_rule_pass,readiness_interpretation,abundance_correlation_component,component_size,component_representative,proposed_role,validation_state
F05469,PRELP,False,False,B_abundance,high_priority_internal,42,-5.346031936453248,-6.051820415175204,-4.640243457731293,8.066499268304954e-16,0.0,,0.9523809523809524,1.0,1.0,1.0,0.1729030523165073,0,1.0,0.0,Glycosaminoglycan metabolism,1.0,1.0,0.0017733990147783,L01;L02;L03;L04;L05;L06;L08;L09;L10;L11;L12,High-priority internal tissue-associated candidate supported across multiple computational evidence dimensions; external biological and clinical validation required.,False,True,-5.862472613000129,0.3503747019046976,-15.258042054381471,44.77565350194898,0.3639964409619094,-14.687044528033413,6.2705212875692594e-18,2.3517490578148555e-19,2,40,0,,0,0.0,,11.0,1.0,1.0,True,False,False,False,True,Internal paired-abundance candidate; detection evidence is absent or discordant; external validation required.,24.0,-5.346031936453248,-4.672961123872248,-5.01059247974637,0.0011511613550076,0.6730708125809999,42,-5.518934988769756,-5.2111803376282415,0.4934804121889406,P1,1.0,0.0,1.0,R-HSA-1630316,1,abundance;combined,abundance,True,True,False,True,True,quantitative_abundance,5.346031936453248,15.093314901252345,1.0,2,1,True,Internal quantitative-assay follow-up candidate; independent measurement and cohort required.,AC053,1.0,True,independent_quantitative_replication_anchor,not_executed
F01333,CMA1,False,False,B_abundance,high_priority_internal,38,-3.505418865916482,-4.073802389210055,-2.937035342622909,2.605822788809417e-13,-0.0476190476190476,0.7584503140007388,0.9736842105263158,1.0,1.0,1.0,0.1147795529473869,0,1.0,0.0,Degradation of the extracellular matrix,0.92,1.0,0.0,L01;L02;L03;L04;L05;L06;L08;L09;L10;L11;L12;L07,High-priority internal tissue-associated candidate supported across multiple computational evidence dimensions; external biological and clinical validation required.,False,True,-3.2811031010019702,0.281394911315369,-12.45729302470519,40.77565350194898,0.2921222737901554,-11.999834248978162,2.550357257796776e-14,1.747344727189988e-15,1,37,4,0.625,3,-0.0285714285714285,1.0,9.0,1.0,1.0,True,False,False,True,True,Internal paired-abundance candidate; detection evidence is absent or discordant; external validation required.,20.0,-3.505418865916482,-2.798087106103853,-3.098848814014429,0.0110575435074173,0.7073317598126292,42,-3.620198418863869,-3.414127952733656,0.407894913276344,P16,1.0,0.0,1.0,R-HSA-1474228,1,abundance,abundance,False,True,False,True,True,quantitative_abundance,3.505418865916482,12.58405512218409,1.0,2,1,True,Internal quantitative-assay follow-up candidate; independent measurement and cohort required.,AC010,2.0,True,independent_quantitative_replication_anchor,not_executed
F04105,MGLL,False,False,B_abundance,high_priority_internal,41,-2.058580720604428,-2.4072618769275604,-1.7098995642812942,3.294680873803836e-13,0.0238095238095238,1.0,0.975609756097561,1.0,1.0,1.0,0.1001437661708819,0,1.0,0.0,Hemostasis,0.9466666666666668,0.9859154929577464,0.0002070393374741,L01;L02;L03;L04;L05;L06;L08;L09;L10;L11;L12;L07,High-priority internal tissue-associated candidate supported across multiple computational evidence dimensions; external biological and clinical validation required.,False,True,-2.1328211697614528,0.1729861536958434,-11.900262978411382,43.77565350194898,0.1763405355342625,-11.673894004957528,1.8545729562800405e-14,2.5934805712158472e-15,1,40,1,1.0,0,0.0,,11.0,1.0,1.0,True,False,False,False,True,Internal paired-abundance candidate; detection evidence is absent or discordant; external validation required.,24.0,-2.255007965216252,-1.418543229167458,-1.90881359715287,0.0505190294548498,0.8364647360487938,42,-2.1587244867753097,-1.998108298330894,0.5789120344681568,P1,1.0,0.0,1.0,R-HSA-109582,1,abundance;combined,abundance,True,True,False,True,True,quantitative_abundance,2.058580720604428,12.482186645245395,1.0,2,1,True,Internal quantitative-assay follow-up candidate; independent measurement and cohort required.,AC042,1.0,True,independent_quantitative_replication_anchor,not_executed
F06382,SERPINH1,False,False,B_abundance,high_priority_internal,42,2.425395115991752,2.0909930804531,2.7597971515304027,2.047513594887055e-15,0.0,,0.9761904761904762,1.0,1.0,1.0,0.0911082733677171,0,1.0,0.0,,1.0,1.0,0.0032598274209012,L01;L02;L03;L04;L05;L06;L08;L09;L10;L11;L12,High-priority internal tissue-associated candidate supported across multiple computational evidence dimensions; external biological and clinical validation required.,False,True,2.6364042335902127,0.1660072628705186,14.610174724002864,44.77565350194898,0.168884976047891,14.36122485699366,1.3590923845589204e-17,1.1938854780682536e-18,41,1,0,,0,0.0,,11.0,1.0,1.0,True,False,False,False,True,Internal paired-abundance candidate; detection evidence is absent or discordant; external validation required.,24.0,2.425395115991752,3.133037956531301,2.867771196794557,0.0001310489412412,0.7076428405395494,42,2.36543784478519,2.516503389359469,0.5488210081433559,P1,1.0,0.0,1.0,,0,abundance;combined,abundance,True,True,False,True,False,quantitative_abundance,2.425395115991752,14.688773205970557,1.0,1,1,True,Internal quantitative-assay follow-up candidate; independent measurement and cohort required.,AC056,1.0,True,independent_quantitative_replication_anchor,not_executed
F06710,SOD3,False,False,B_abundance,high_priority_internal,37,-5.426649017544047,-6.196361524838104,-4.656936510249989,1.2298438549728344e-14,-0.119047619047619,0.1162255873195584,0.972972972972973,1.0,1.0,1.0,0.2048216761376968,0,1.0,0.0,,0.9466666666666668,0.9927536231884058,0.0007326007326007,L01;L02;L03;L04;L05;L06;L08;L09;L10;L11;L12;L07,High-priority internal tissue-associated candidate supported across multiple computational evidence dimensions; external biological and clinical validation required.,False,True,-5.620748873195048,0.380776133079076,-14.251547158858015,39.77565350194898,0.3976958184807536,-13.6452252333819,8.497682161718205e-16,3.226995537829595e-17,1,36,5,0.0625,5,-0.1428571428571428,0.1378749548247199,9.0,1.0,1.0,True,False,False,True,True,Internal paired-abundance candidate; detection evidence is absent or discordant; external validation required.,20.0,-5.426649017544047,-4.734811335383221,-5.128102847390686,0.0008591487873688,0.6918376821608261,42,-5.631470693681744,-5.285988920361817,0.5379057623214043,P1,1.0,0.0,1.0,,0,abundance;combined,abundance,True,True,False,True,False,quantitative_abundance,5.426649017544047,13.910150024518625,1.0,1,1,True,Internal quantitative-assay follow-up candidate; independent measurement and cohort required.,AC061,1.0,True,independent_quantitative_replication_anchor,not_executed
F07336,TNXB,False,False,B_abundance,high_priority_internal,38,-4.153956891894573,-4.784802449952937,-3.523111333836209,4.6314192708693335e-14,-0.0952380952380952,0.2027277215502345,0.9736842105263158,1.0,1.0,1.0,0.1516384351400486,0,1.0,0.0,,0.94,0.9929078014184396,0.0,L01;L02;L03;L04;L05;L06;L08;L09;L10;L11;L12;L07,High-priority internal tissue-associated candidate supported across multiple computational evidence dimensions; external biological and clinical validation required.,False,True,-4.415625754539079,0.3123185711557646,-13.300383888548351,40.77565350194898,0.3249134285762866,-12.784811357586792,3.813219232852375e-15,2.025402013499708e-16,1,37,4,0.125,3,-0.0857142857142857,0.3995810421576329,9.0,1.0,1.0,True,False,False,True,True,Internal paired-abundance candidate; detection evidence is absent or discordant; external validation required.,20.0,-4.308573611851422,-3.488725089345829,-3.975078946389257,0.0016919919402598,0.8198485225055929,42,-4.305595327034622,-4.042233326130917,0.4855248747421459,P1,1.0,0.0,1.0,,0,abundance;combined,abundance,False,True,False,True,False,quantitative_abundance,4.153956891894573,13.33428590162697,1.0,1,1,True,Internal quantitative-assay follow-up candidate; independent measurement and cohort required.,AC064,1.0,True,independent_quantitative_replication_anchor,not_executed
F03622,KRT4,False,False,B_abundance,high_priority_internal,42,-5.441343841543839,-6.3996348163296,-4.483052866758078,7.334830534848555e-13,0.0,,0.9523809523809524,1.0,1.0,1.0,0.2198778429099501,0,1.0,0.0,,0.9866666666666668,1.0,0.0004884004884004,L01;L02;L03;L04;L05;L06;L08;L09;L10;L11;L12,High-priority internal tissue-associated candidate supported across multiple computational evidence dimensions; external biological and clinical validation required.,False,True,-6.138607264922065,0.4757245616087708,-11.438013255280948,44.77565350194898,0.4955610906107698,-10.980167621387473,8.792078022550912e-14,7.043542037880997e-15,2,40,0,,0,0.0,,11.0,1.0,1.0,True,False,False,False,True,Internal paired-abundance candidate; detection evidence is absent or discordant; external validation required.,24.0,-6.39995034422766,-4.768273028962839,-5.672666347128279,0.0169234976676382,1.6316773152648212,42,-5.661221684453789,-5.319388246867199,0.4621956919070633,P1,1.0,0.0,1.0,,0,abundance;combined,abundance,True,True,False,True,False,quantitative_abundance,5.441343841543839,12.134609915717133,1.0,1,1,True,Internal quantitative-assay follow-up candidate; independent measurement and cohort required.,AC037,2.0,True,independent_quantitative_replication_anchor,not_executed
F04531,NDRG2,False,False,B_abundance,high_priority_internal,41,-2.8921547666148,-3.4207445702602888,-2.36356496296931,2.618638625069695e-12,-0.0238095238095238,1.0,0.975609756097561,1.0,1.0,1.0,0.1303208674668097,0,1.0,0.0,,0.9466666666666668,0.9647887323943662,,L01;L02;L03;L04;L05;L06;L08;L09;L10;L11;L12;L07,High-priority internal tissue-associated candidate supported across multiple computational evidence dimensions; external biological and clinical validation required.,False,True,-2.8667423292699183,0.2622416363984275,-11.028587246232352,43.77565350194898,0.2713101931259278,-10.659956167855494,2.9616267684130213e-13,3.2064962755955454e-14,1,40,1,1.0,1,-0.0285714285714285,1.0,9.0,1.0,1.0,True,False,False,True,True,Internal paired-abundance candidate; detection evidence is absent or discordant; external validation required.,20.0,-2.8921547666148,-2.225076398165037,-2.513522746297687,0.0140499280520585,0.6670783684497628,42,-2.9955017044391115,-2.76183389914799,0.4969495662725782,P18,1.0,0.0,1.0,,0,abundance,abundance,False,True,False,True,False,quantitative_abundance,2.8921547666148,11.581924430542616,1.0,1,1,True,Internal quantitative-assay follow-up candidate; independent measurement and cohort required.,AC047,1.0,True,independent_quantitative_replication_anchor,not_executed
F07305,TNC,False,False,B_abundance,high_priority_internal,42,2.5848480671164515,2.0763327832914533,3.0933633509414498,1.4230719572870407e-11,0.0,,0.9761904761904762,1.0,1.0,1.0,0.1416210235176986,0,1.0,0.0,,0.9466666666666668,0.971830985915493,-0.0023809523809523,L01;L02;L03;L04;L05;L06;L08;L09;L10;L11;L12,High-priority internal tissue-associated candidate supported across multiple computational evidence dimensions; external biological and clinical validation required.,False,True,2.5575296848361724,0.2524423341491761,10.239360509117237,44.77565350194898,0.2608095112831502,9.91086580546592,1.907102472040631e-12,2.6138056358333404e-13,41,1,0,,0,0.0,,11.0,1.0,1.0,True,False,False,False,True,Internal paired-abundance candidate; detection evidence is absent or discordant; external validation required.,24.0,2.5848480671164515,3.2579188796974514,2.9915441128390627,0.0065026874632285,0.6730708125809999,42,2.5067963584059685,2.72646909063415,0.5610034624145503,P1,1.0,0.0,1.0,,0,abundance,abundance,False,True,False,True,False,quantitative_abundance,2.5848480671164515,10.846773139365757,1.0,1,1,True,Internal quantitative-assay follow-up candidate; independent measurement and cohort required.,AC063,1.0,True,independent_quantitative_replication_anchor,not_executed
F04853,OGN,False,False,B_abundance,high_priority_internal,42,-5.087066338743366,-5.800489448319807,-4.373643229166925,2.5656537582814136e-15,0.0,,0.9523809523809524,1.0,1.0,1.0,0.1780037331252657,0,1.0,0.0,Glycosaminoglycan metabolism,0.98,1.0,0.0001058201058201,L01;L02;L03;L04;L05;L06;L08;L09;L10;L11;L12,High-priority internal tissue-associated candidate supported across multiple computational evidence dimensions; external biological and clinical validation required.,False,True,-5.3919844265127015,0.3541647630780351,-14.36355862884785,44.77565350194898,0.3679803764268666,-13.824287012637434,4.991989874936882e-17,2.244012033482286e-18,2,40,0,,0,0.0,,11.0,1.0,1.0,True,False,False,False,True,Internal paired-abundance candidate; detection evidence is absent or discordant; external validation required.,24.0,-5.087066338743366,-4.413995526162364,-4.81574784782971,0.0020831569171283,0.6730708125810017,42,-5.265070071868632,-5.002484248927975,0.502601477284868,P1,1.0,0.0,1.0,R-HSA-1630316,1,abundance;combined,abundance,True,True,False,True,True,quantitative_abundance,5.087066338743366,14.590801953188604,1.0,2,2,True,Internal quantitative-assay follow-up candidate; independent measurement and cohort required.,AC002,31.0,True,independent_quantitative_replication_anchor,not_executed
F05080,PEBP1,False,False,B_abundance,high_priority_internal,42,-1.8952990797859848,-2.1793794557607766,-1.6112187038111945,1.0916513443829295e-14,0.0,,0.9761904761904762,1.0,1.0,1.0,0.0540026211573261,0,1.0,0.0,,0.96,1.0,0.0,L01;L02;L03;L04;L05;L06;L08;L09;L10;L11;L12,High-priority internal tissue-associated candidate supported across multiple computational evidence dimensions; external biological and clinical validation required.,False,True,-1.7366312766385494,0.141026072328893,-13.43935237284263,44.77565350194898,0.141935718017468,-13.353221488284792,1.6068649761651322e-16,2.5461255845666e-17,1,41,0,,0,0.0,,11.0,1.0,1.0,True,False,False,False,True,Internal paired-abundance candidate; detection evidence is absent or discordant; external validation required.,24.0,-1.8952990797859848,-1.2222282672049845,-1.4997097496602751,0.0107842977739816,0.6730708125810008,42,-1.949301700943312,-1.8467557725981287,0.3829265061809583,P1,1.0,0.0,1.0,,0,abundance;combined,abundance,False,True,False,True,False,quantitative_abundance,1.8952990797859848,13.961916046052908,1.0,1,2,True,Internal quantitative-assay follow-up candidate; independent measurement and cohort required.,AC052,1.0,True,independent_quantitative_replication_anchor,not_executed
F03953,MAOB,False,False,B_abundance,high_priority_internal,37,-3.3201341721148414,-3.8313869136452254,-2.8088814305844574,9.226729420031805e-14,-0.119047619047619,0.1162255873195584,0.972972972972973,1.0,1.0,1.0,0.1114991110337393,0,1.0,0.0,,0.9933333333333332,1.0,0.0005194805194805,L01;L02;L03;L04;L05;L06;L08;L09;L10;L11;L12;L07,High-priority internal tissue-associated candidate supported across multiple computational evidence dimensions; external biological and clinical validation required.,False,True,-3.127330557062871,0.2529163032966592,-13.127402736946047,39.77565350194898,0.2619932055272931,-12.672596472235488,7.786076909628799e-15,4.842015439083747e-16,1,36,5,0.0625,4,-0.1142857142857142,0.2310720775287704,9.0,1.0,1.0,True,False,False,True,True,Internal paired-abundance candidate; detection evidence is absent or discordant; external validation required.,20.0,-3.3201341721148414,-2.607940120814105,-2.885854292982521,0.0021308184450919,0.7121940513007363,42,-3.4316332831485807,-3.233338645290288,0.4408537906825089,P1,1.0,0.0,1.0,,0,abundance;combined,abundance,True,True,False,True,False,quantitative_abundance,3.3201341721148414,13.03495221517618,1.0,1,2,True,Internal quantitative-assay follow-up candidate; independent measurement and cohort required.,AC041,1.0,True,independent_quantitative_replication_anchor,not_executed
F04586,NEDD1,False,False,C_detection_pattern,high_priority_internal,3,0.1889713861021468,,,,0.8809523809523809,4.780304152518512e-08,0.6666666666666666,,,,0.6261109683018781,1,0.0,1.0,,1.0,1.0,0.0109073359073359,L01;L02;L03;L04;L05;L06;L08;L09;L10;L11;L12;L07,High-priority internal tissue-associated candidate supported across multiple computational evidence dimensions; external biological and clinical validation required.,False,False,-0.1223628421743292,0.5510202170671119,0.3429481900101152,5.775653501948979,0.6519532779641921,0.2898541850916591,,,1,2,37,1.4551915228366852e-11,33,0.9428571428571428,1.136958599090576e-06,,,,False,True,True,True,True,Stable tissue-associated detection pattern; quantitative abundance is unresolved; external validation required.,,,,,,,42,-0.4371395821997312,0.6594152402657869,1.1362758550574568,P22,0.0,1.0,1.0,,0,combined;detection,detection,True,False,True,True,False,detection_pattern,0.8809523809523809,7.3205444700075235,1.0,1,1,True,Internal detection-pattern follow-up candidate; detection mechanism and assay threshold require prospective definition.,,,False,prospective_detection_mechanism_sentinel,not_executed
F06564,SLC38A2,False,False,C_detection_pattern,high_priority_internal,3,0.1390722171912231,,,,0.8809523809523809,4.780304152518512e-08,0.6666666666666666,,,,0.9429533810205356,1,0.0,1.0,,0.9733333333333334,1.0,0.0069930069930069,L01;L02;L03;L04;L05;L06;L08;L09;L10;L11;L12;L07,High-priority internal tissue-associated candidate supported across multiple computational evidence dimensions; external biological and clinical validation required.,False,False,-0.4705962529292655,0.6907677630739036,0.2013299181368198,5.775653501948979,0.9623862821424376,0.144507688619194,,,1,2,37,1.4551915228366852e-11,32,0.9142857142857144,1.136958599090576e-06,,,,False,True,True,True,True,Stable tissue-associated detection pattern; quantitative abundance is unresolved; external validation required.,,,,,,,42,-0.8038811638293124,0.7771913631515144,1.3650801780679669,P17,0.0,1.0,1.0,,0,combined;detection,detection,True,False,True,True,False,detection_pattern,0.8809523809523809,7.3205444700075235,1.0,1,1,True,Internal detection-pattern follow-up candidate; detection mechanism and assay threshold require prospective definition.,,,False,prospective_detection_mechanism_sentinel,not_executed
F03594,KPNA7,False,False,C_detection_pattern,high_priority_internal,5,0.4012995907613803,,,,0.8571428571428571,6.373738870024681e-08,0.6,,,,0.4436696447980638,1,0.0,1.0,,0.9533333333333334,1.0,0.0014396456256921,L01;L02;L03;L04;L05;L06;L08;L09;L10;L11;L12;L07,High-priority internal tissue-associated candidate supported across multiple computational evidence dimensions; external biological and clinical validation required.,False,False,0.1485240436557013,0.4440042869791996,0.9038191804219676,7.775653501948979,0.4976868509956276,0.8063295020926842,,,3,2,36,2.9103830456733704e-11,31,0.8857142857142857,1.136958599090576e-06,,,,False,True,True,True,True,Stable tissue-associated detection pattern; quantitative abundance is unresolved; external validation required.,,,,,,,42,-0.0423700540366835,0.686280982310747,0.9992463086709984,P9,0.0,1.0,1.0,,0,combined;detection,detection,True,False,True,True,False,detection_pattern,0.8571428571428571,7.195605733399224,1.0,1,2,True,Internal detection-pattern follow-up candidate; detection mechanism and assay threshold require prospective definition.,,,False,prospective_detection_mechanism_sentinel,not_executed
F04501,NCAPG,False,False,C_detection_pattern,high_priority_internal,7,0.8864682318366331,,,,0.8333333333333334,9.560608305037024e-08,0.7142857142857143,,,,0.2349932389096152,0,0.0,1.0,,0.9666666666666668,1.0,0.0009453781512605,L01;L02;L03;L04;L05;L06;L08;L09;L10;L11;L12;L07,High-priority internal tissue-associated candidate supported across multiple computational evidence dimensions; external biological and clinical validation required.,False,False,0.4810381586224448,0.3901984103153324,2.2718396805364955,9.77565350194898,0.428400153027311,2.069252836564976,,,5,2,35,5.820766091346741e-11,29,0.8285714285714286,1.7491670755239634e-06,,,,False,True,True,True,True,Stable tissue-associated detection pattern; quantitative abundance is unresolved; external validation required.,,,,,,,42,0.6514749929270179,1.1161538498304238,0.6022403800151551,P3,0.0,1.0,1.0,,0,combined;detection,detection,True,False,True,True,False,detection_pattern,0.8333333333333334,7.019514474343542,1.0,1,3,True,Internal detection-pattern follow-up candidate; detection mechanism and assay threshold require prospective definition.,,,False,prospective_detection_mechanism_sentinel,not_executed
F03043,HMGA2,False,False,C_detection_pattern,high_priority_internal,2,0.3339950790511441,,,,0.8095238095238095,1.0926409491470884e-07,0.5,,,,1.002309561871915,1,0.0,1.0,,0.96,1.0,0.0049450549450549,L01;L02;L03;L04;L05;L06;L08;L09;L10;L11;L12;L07,High-priority internal tissue-associated candidate supported across multiple computational evidence dimensions; external biological and clinical validation required.,False,False,0.3339950790511441,0.7029640434757296,0.4751239869961792,4.775653501948979,1.002309561871915,0.3332254742011784,,,1,1,34,1.1641532182693479e-10,29,0.8285714285714286,1.7491670755239634e-06,,,,False,True,True,True,True,Stable tissue-associated detection pattern; quantitative abundance is unresolved; external validation required.,,,,,,,42,-0.6683144828207706,1.3363046409230588,1.4258333284247422,P1,0.0,1.0,1.0,,0,combined;detection,detection,True,False,True,True,False,detection_pattern,0.8095238095238095,6.961522527365855,1.0,1,4,True,Internal detection-pattern follow-up candidate; detection mechanism and assay threshold require prospective definition.,,,False,prospective_detection_mechanism_sentinel,not_executed
F04698,NOMO1,False,False,C_detection_pattern,high_priority_internal,5,0.9609584853419336,,,,0.8095238095238095,1.0926409491470884e-07,0.6,,,,0.5050515678029616,0,0.0,1.0,,0.98,1.0,0.0022660098522167,L01;L02;L03;L04;L05;L06;L08;L09;L10;L11;L12;L07,High-priority internal tissue-associated candidate supported across multiple computational evidence dimensions; external biological and clinical validation required.,False,False,0.4726628773336134,0.5186118238055685,1.8529436492412177,7.775653501948979,0.6223351050200123,1.5441174338237469,,,3,2,34,1.1641532182693479e-10,29,0.8285714285714286,1.7491670755239634e-06,,,,False,True,True,True,True,Stable tissue-associated detection pattern; quantitative abundance is unresolved; external validation required.,,,,,,,42,0.455906917538972,1.273079110317041,0.9738527827940716,P10,0.0,1.0,1.0,,0,combined;detection,detection,True,False,True,True,False,detection_pattern,0.8095238095238095,6.961522527365855,1.0,1,4,True,Internal detection-pattern follow-up candidate; detection mechanism and assay threshold require prospective definition.,,,False,prospective_detection_mechanism_sentinel,not_executed
F07862,WDR75,False,False,C_detection_pattern,high_priority_internal,7,-0.2628809497463193,,,,0.8095238095238095,1.0926409491470884e-07,0.5714285714285714,,,,0.2775723926697785,0,0.0,1.0,,0.9266666666666666,1.0,0.0003726708074534,L01;L02;L03;L04;L05;L06;L08;L09;L10;L11;L12;L07,High-priority internal tissue-associated candidate supported across multiple computational evidence dimensions; external biological and clinical validation required.,False,False,-0.6857445425757582,0.330899400264325,-0.7944437177472307,9.77565350194898,0.3374288632278205,-0.779070726883346,,,3,4,34,1.1641532182693479e-10,29,0.8285714285714286,1.7491670755239634e-06,,,,False,True,True,False,True,Stable tissue-associated detection pattern; quantitative abundance is unresolved; external validation required.,,,,,,,42,-0.5404533424160979,-0.1240651963208575,0.8388422355799121,P8,0.0,1.0,1.0,,0,combined;detection,detection,True,False,True,True,False,detection_pattern,0.8095238095238095,6.961522527365855,1.0,1,4,True,Internal detection-pattern follow-up candidate; detection mechanism and assay threshold require prospective definition.,,,False,prospective_detection_mechanism_sentinel,not_executed
F05365,POP4,False,False,C_detection_pattern,high_priority_internal,7,-0.3431556912051641,,,,0.7857142857142857,1.6996636986732488e-07,0.7142857142857143,,,,0.2889285734948115,0,0.0,1.0,,0.8933333333333333,1.0,-0.0005494505494505,L01;L02;L03;L04;L05;L06;L08;L09;L10;L11;L12;L07,High-priority internal tissue-associated candidate supported across multiple computational evidence dimensions; external biological and clinical validation required.,False,False,-0.7776102946630807,0.4007078241803322,-0.8563738227650188,9.77565350194898,0.4439247302602552,-0.773004223044717,,,2,5,33,2.3283064365386963e-10,27,0.7714285714285715,3.7898619969685874e-06,,,,False,True,True,False,True,Stable tissue-associated detection pattern; quantitative abundance is unresolved; external validation required.,,,,,,,42,-0.6320842646999756,-0.0699309729185326,0.7210455001367375,P35,0.0,1.0,1.0,,0,combined;detection,detection,False,False,True,True,False,detection_pattern,0.7857142857142857,6.769637001126942,1.0,1,5,True,Internal detection-pattern follow-up candidate; detection mechanism and assay threshold require prospective definition.,,,False,prospective_detection_mechanism_sentinel,not_executed
