abundance_decile,feature_count,mean_missing_fraction,mean_N_detection_fraction,mean_T_detection_fraction,mean_T_minus_N_detection
D1,796,0.7863573821488394,0.1269442450346973,0.3003409906676238,0.17339674563292654
D2,796,0.6135439100263221,0.2623534338358459,0.51055874611151,0.24820531227566406
D3,795,0.5194818808026356,0.3578915843066786,0.6031446540880503,0.24525306978137168
D4,796,0.41576932280449874,0.47083632447954055,0.6976250299114621,0.2267887054319215
D5,796,0.3290859057190716,0.5730138789184015,0.7688143096434554,0.19580043072505385
D6,795,0.2795747229709493,0.6437855645402815,0.7970649895178197,0.1532794249775382
D7,796,0.21754606365159124,0.7336683417085427,0.8312395309882746,0.097571189279732
D8,795,0.1490416292303084,0.817130877508236,0.8847858640311471,0.06765498652291105
D9,796,0.09813950705910501,0.8925879396984925,0.9111330461832975,0.018545106484804976
D10,796,0.04449329983249595,0.951663077291218,0.9593503230437903,0.007687245752572385
