sample_id,patient_id,tissue_code,detected_features,detected_fraction,median_log2,iqr_log2,mad_log2,p01_log2,p05_log2,p95_log2,p99_log2,outside_median_5mad_fraction,pair_shared_detected,pair_detection_jaccard,pair_median_absolute_log2_difference,PC1,PC2,PC3,PC4,PC5,median_pairwise_spearman,mcd_style_distance,flag_coverage,flag_observed_distribution,flag_sample_correlation,flag_matched_pair_concordance,flag_multivariate_structure,diagnostic_family_count,sensitivity_flag,sensitivity_pair_removed
P1N,P1,N,6549,0.8114236154132077,12.772011660713966,2.2568386356300874,1.1174951561174762,8.70112443067801,10.212043408128812,16.298395293271057,18.286179948507144,0.011910215300045808,6033,0.8803443747263971,0.30136051818145226,-20.49257098208798,-63.899855920577835,38.90409750570389,51.663073702995995,-21.278449892663165,0.6989061862373671,9.905377406714782,False,False,False,False,True,1,False,True
P1T,P1,T,6337,0.7851567339858754,12.666613018499168,2.3331364486671564,1.1535107373304392,8.482075452975534,9.954288380299904,16.297098254247498,18.456762757416392,0.01325548366735048,6033,0.8803443747263971,0.30136051818145226,-18.785604961593766,-35.09090375777656,52.427877236494545,57.61965648726183,-24.49904754396793,0.7036699933056583,8.529582934561102,False,False,True,False,True,2,True,True
P2N,P2,N,3148,0.3900384091190683,14.60967269338752,2.6903459202078146,1.3142383302317358,10.16224205181108,11.74443828479098,19.246482099160975,21.602157572946563,0.018742058449809404,2922,0.46469465648854963,1.4616860088452572,100.75378246876907,-32.031537621312765,31.437902348350978,-5.163701477750191,-2.7444732755929864,0.46282794914318737,13.449613743532376,False,False,True,True,True,3,True,True
P2T,P2,T,6062,0.751084128360798,12.556000381536677,2.285765092487292,1.1344203170683977,8.128003624522261,9.929889845904473,16.148155971591034,18.055403448362096,0.011712306169580996,2922,0.46469465648854963,1.4616860088452572,-27.415314514032172,-18.170798045967643,8.695032350157668,-8.903912865151934,2.2471614313236605,0.7867620091272953,7.69107440234006,False,False,False,True,True,2,True,True
P3N,P3,N,4919,0.609465989344567,12.94713411134785,2.343741844856927,1.1588769913707466,8.672587747288647,10.314893160048815,16.86363744018756,18.9988438312165,0.015653588127668226,4615,0.7425583266291231,0.580294013169933,-15.414706810852586,37.28003836203022,30.802644791571655,20.5037069482594,-20.907911585684943,0.7115360004904367,6.849796492305353,False,False,False,False,True,1,False,False
P3T,P3,T,5911,0.7323751703630281,12.60183368354903,2.230839578172942,1.1005345246324492,8.418943149591305,10.036171035632567,16.218248653815984,18.288429215149534,0.014210793435966842,4615,0.7425583266291231,0.580294013169933,-29.880615003818846,-4.8396246503256,23.03827069265731,-6.63819183957119,-7.216870001727733,0.79454251050035,3.138495355881716,False,False,False,False,False,0,False,False
P4N,P4,N,5028,0.6229711312105067,13.006273865784141,2.2216329192731923,1.0798397388876202,9.100636246975515,10.623701504131894,16.82655901213641,19.508581359722488,0.02247414478918059,4418,0.7327915077127218,0.7481792958221263,24.391112163422648,13.28131017791891,-14.212441255429551,-3.609821155788127,0.3072340602985,0.7511507585899634,2.900950365567117,False,False,False,False,False,0,False,False
P4T,P4,T,5419,0.6714161813901623,13.108432729781756,2.137654592848632,1.051227439535534,9.157447048818748,10.716562367541636,16.496686976638422,18.765705173368612,0.014947407270714154,4418,0.7327915077127218,0.7481792958221263,-18.029345480426866,-32.179684309655244,3.5710914707016186,4.083620637241479,-17.666986796123588,0.7538085583957124,5.248771884302491,False,True,False,False,False,1,False,False
P5N,P5,N,4306,0.5335150538966671,13.46322616997515,2.2633701766158616,1.1162241797069417,9.622019088352104,10.965722542034639,17.278215694113538,19.876733883332307,0.019972131908964234,4009,0.6013199340032999,0.9273509682686658,49.684169081636256,16.00389691475231,2.5154147747537188,-9.195591393606879,4.502427006274646,0.6911187097854253,3.092113679096577,False,False,False,False,False,0,False,False
P5T,P5,T,6370,0.7892454466608847,12.449968803603713,2.3256627722137733,1.1471442230571602,8.094459175389714,9.709998430098542,16.04486895787752,18.141967258719703,0.0130298273155416,4009,0.6013199340032999,0.9273509682686658,-26.959727811739914,-26.1714417933988,-2.373018944310078,8.230668227711579,4.6031160376971325,0.785952012970047,3.217769862245779,False,False,False,False,False,0,False,False
P6N,P6,N,4539,0.5623838433899145,13.063627133121104,2.3462877968409135,1.1652844525326422,8.207169312143607,10.433908316591246,16.96511624863905,19.401270065192602,0.021810971579643092,4249,0.6725229503007281,0.6943203244965588,2.107736694070529,15.438798217632433,-29.813727361723558,-2.289908517733556,-2.302260622667826,0.7765023916354419,3.2911052250004165,False,False,False,False,False,0,False,False
P6T,P6,T,6028,0.7468715153016975,12.691608022905129,2.167096311125343,1.0675417740044448,8.673708945906316,10.15919995844445,16.198720492273086,18.28482806075423,0.015759787657597876,4249,0.6725229503007281,0.6943203244965588,-27.643679455952384,-37.8465888143676,-3.251589881667259,8.123432469926332,-10.498287524038865,0.7891803272865558,3.2853547124900166,False,False,False,False,False,0,False,False
P7N,P7,N,4728,0.5858010159831496,13.114381046635522,2.228493067945003,1.0969722681536673,8.746483884343798,10.628290479695735,16.961595373798662,19.40601279272045,0.023265651438240272,4410,0.7126696832579186,0.6384973022519027,15.613144566990277,28.57921585310477,8.82802302860077,5.329152301630688,-12.726030555737756,0.7615151478410596,2.531278550278764,False,False,False,False,False,0,False,False
P7T,P7,T,5870,0.7272952546152893,12.498904827026319,2.4145373523127134,1.1980936562895526,7.4425429204747315,9.584259097977144,16.32680984028589,18.324159614481307,0.014991482112436116,4410,0.7126696832579186,0.6384973022519027,-26.951327502861748,-6.776282977157172,-4.880761824129348,-6.325363884316343,5.844653465909214,0.8192386190073377,1.803855202290547,False,False,False,False,False,0,False,False
P8N,P8,N,5044,0.6249535373559658,12.94173642141639,2.4009280602484377,1.1640024781039937,8.580430146159555,10.37745168559502,16.896735516523226,19.33380277057599,0.02141157811260904,4630,0.7303991165799022,0.7155896742992782,26.183809406015143,23.098247386025786,-9.899927922686715,-7.350355034223171,6.060912601530318,0.7419855960928717,2.2476879649943373,False,False,False,False,False,0,False,False
P8T,P8,T,5925,0.7341097757403048,12.577158413551752,2.3247957222399886,1.1328412181269556,7.848289208637734,9.952057655168986,16.243294581595034,18.412062816113362,0.016371308016877636,4630,0.7303991165799022,0.7155896742992782,-26.076485274861817,-31.253248115151244,-15.262454822121958,5.412711209927292,-1.9180301009921088,0.7758181591745246,3.0481028544865207,False,False,False,False,False,0,False,False
P9N,P9,N,5934,0.7352248791971255,12.47168847074013,2.435148143163655,1.1928336104363213,8.11164476670091,9.792304477770903,16.353885432605622,18.531501250469088,0.01247050893158072,5282,0.8044471519951264,0.5454823132684208,-4.524232329247347,17.42467084767389,-18.856150397404015,21.389507226059894,17.866437813625534,0.8133298452633071,2.5523966990739293,False,False,False,False,False,0,False,False
P9T,P9,T,5914,0.7327468715153017,12.557516105399536,2.342712722415259,1.1486689124955962,8.469205867946505,9.887407979879622,16.321875281709236,18.469847808252915,0.012681772066283395,5282,0.8044471519951264,0.5454823132684208,-27.865976008579,8.576194167728405,21.52047399900197,5.431080822667674,-9.631218213125601,0.7961489556351955,2.6091381923699672,False,False,False,False,False,0,False,False
P10N,P10,N,5320,0.6591500433651344,12.580946849778766,2.5879248673633892,1.2690589634327543,8.31824875755486,9.812663383670948,16.699074994850026,18.99969947215396,0.011842105263157895,4997,0.7556328443973991,0.7139278707763186,-9.292512063609012,51.07999782298283,6.9465127541457,8.56570397434635,-4.74814512559984,0.7744534282255383,3.2800657113591134,False,False,False,False,False,0,False,False
P10T,P10,T,6290,0.7793334159335894,12.462640200187565,2.3403889660393276,1.1511217154266076,8.151392394277662,9.714497306680707,16.148111019721508,18.17744568858423,0.012718600953895072,4997,0.7556328443973991,0.7139278707763186,-29.849915753870683,-18.5609811090988,9.546034590763089,1.9755967392709295,4.64708494835156,0.8001247329238445,2.6456867126941064,False,False,False,False,False,0,False,False
P11N,P11,N,3778,0.4680956510965184,13.822360139297722,2.573595921659116,1.2649104763002503,9.606501398566673,10.967371160997406,18.12818720153353,20.922291879355168,0.020910534674430915,3598,0.5817299919159257,0.8628710924297076,62.83557153291422,0.28975957976221395,-1.9972727140514646,-10.214025351129948,9.640853350650866,0.6497309283790894,5.8760488735464405,False,False,False,False,False,0,False,False
P11T,P11,T,6005,0.7440218064676001,12.523391578487447,2.458546743884721,1.2143627167321025,8.002334974001007,9.73203483249294,16.386023945293623,18.33791933949787,0.008992506244796004,3598,0.5817299919159257,0.8628710924297076,-14.844214499761001,-12.080521943804609,-11.54475491406097,-7.040078730182209,15.122440172014818,0.8071424811033673,3.0445433995055793,False,False,False,False,False,0,False,False
P12N,P12,N,5308,0.6576632387560402,12.81623994030737,2.2990174917171444,1.1073407158518291,8.838788751599955,10.304177518208581,16.684081292735392,19.08278758065876,0.01921627731725697,4648,0.7579908675799086,0.5766099110130609,6.531689970131434,30.713263254045913,15.75031195047641,5.706826849567375,-6.011262969023057,0.7854844712874182,2.7345901283010083,False,False,False,False,False,0,False,False
P12T,P12,T,5472,0.6779829017469954,12.651179550315494,2.4203337478346807,1.1944956312747008,8.694810359228882,9.946175586278056,16.542896004972093,18.71766939172338,0.011878654970760233,4648,0.7579908675799086,0.5766099110130609,-26.031299330914646,-7.072250314809536,1.0482481670756136,-10.42224864723192,-2.7690107959645203,0.7950874234182788,2.308680028833006,False,False,False,False,False,0,False,False
P13N,P13,N,4874,0.6038904720604634,12.943262329863586,2.4746845212924633,1.2128701859538067,8.41963201849903,10.204549995541091,16.978494317722628,19.532103843028636,0.018465326220763235,4561,0.7288271013103228,0.6258204470909838,-1.8772011584810344,44.35948980255503,6.328050917340523,11.419134497303913,-18.607329167515104,0.7581562456391857,2.3973678884091245,False,False,False,False,False,0,False,False
P13T,P13,T,5945,0.7365877834221286,12.548814737062887,2.440321268776671,1.2094530606969478,8.211291373766207,9.665134179732362,16.379368592957555,18.47947001518096,0.011438183347350715,4561,0.7288271013103228,0.6258204470909838,-28.83748571384722,-10.717035213014883,4.891699403686909,0.9057188877481807,-0.2604675635901865,0.8089709233010358,1.5899647089769369,False,False,False,False,False,0,False,False
P14N,P14,N,4255,0.5271961343080164,13.348692229456825,2.559451888313621,1.2630240063900757,8.280681221482055,10.438077040825178,17.47754321125724,20.124709428470762,0.0199764982373678,3889,0.6476269775187344,0.8161619829271487,43.35080297927653,19.00949375050354,-9.615870522559215,-4.11845902093198,7.434788040462293,0.6878519947951084,2.7039821709429646,False,False,False,False,False,0,False,False
P14T,P14,T,5639,0.6986742658902243,12.63917949529264,2.3710848698124476,1.1653242702573028,8.211235097780516,9.91915268229382,16.414349523240233,18.602916936314333,0.01259088490867175,3889,0.6476269775187344,0.8161619829271487,-19.932254470143896,-5.347105173829437,16.61654867632814,-3.504566134921684,-2.527925905013396,0.8061147093782985,2.2460323848886987,False,False,False,False,False,0,False,False
P15N,P15,N,4790,0.5934828397968034,12.952256825872151,2.460620187598762,1.1999193661506942,8.257683667570905,10.042299204831396,17.000711319533504,19.671444203970594,0.021920668058455117,4346,0.7149202171409771,0.7375945250417955,-0.6019438226419588,38.66400767780309,-1.5387719702722529,16.37921245893671,-27.381469562093994,0.7634729723113439,2.1613114628506422,False,False,False,False,False,0,False,False
P15T,P15,T,5635,0.6981786643538594,12.65375389672771,2.4026766438167027,1.1856816422823169,8.220681050331965,9.923091672795774,16.49375461277507,18.34147262976749,0.01082519964507542,4346,0.7149202171409771,0.7375945250417955,-30.227107335268556,-13.169550068201454,11.421602356853596,-10.323294913609164,4.717534120814773,0.7904825716431133,1.9200603652015908,False,False,False,False,False,0,False,False
P16N,P16,N,5191,0.6431668938173708,12.699079832390662,2.5073968074451027,1.1973664157827102,8.59998668397608,10.033176841741563,16.76515214949849,19.14739664155682,0.015411288769023309,4788,0.7476577139287945,0.6002630942343403,-9.488593079306925,41.949824459589784,12.78944902544105,12.515674367017475,-13.11635695718881,0.7804069097885916,3.783063272991247,False,False,False,False,False,0,False,False
P16T,P16,T,6001,0.7435262049312353,12.453015113368958,2.4902047552424786,1.2211841223659565,7.958724656031685,9.61282103896324,16.358468372667776,18.627141200949257,0.011664722546242293,4788,0.7476577139287945,0.6002630942343403,-0.27202055150307036,-14.005789992798746,-10.555795231685739,-3.66550941265147,16.862436357858595,0.7698734066460325,3.128322256178701,False,False,False,False,False,0,False,False
P17N,P17,N,5496,0.680956510965184,12.667252119998636,2.3559059761770715,1.1668034369264575,8.178633639680868,9.951964287110894,16.615071915573182,19.02060817047675,0.016193595342066956,5068,0.8012648221343873,0.4459498181771311,-9.801632002985604,19.368304286038626,-9.948517465664166,-5.817058438191295,-2.2142220415688834,0.8237885267451768,2.8726722964205065,False,False,False,False,False,0,False,False
P17T,P17,T,5897,0.7306405649857515,12.499416250362051,2.4206594828617565,1.187687333939774,8.041422846403428,9.74641950767802,16.397770873024175,18.543249014638516,0.01288790910632525,5068,0.8012648221343873,0.4459498181771311,-19.885766113763722,-4.766982769615199,-20.79974843395997,-16.612253485684626,11.190521945364324,0.8164108646249444,2.1919579380103458,False,False,False,False,False,0,False,False
P18N,P18,N,3497,0.4332796431668938,14.211875375777876,2.449358792372081,1.2119173674334949,9.369665062676807,11.071848157544276,18.710009857094906,21.020941023157448,0.024306548470117244,3090,0.5300171526586621,1.190427200940121,92.28839153791478,-30.472668991075682,41.79577328279235,6.434754916384056,16.626352284411464,0.5441589202705515,7.967050990260595,False,False,False,False,True,1,False,False
P18T,P18,T,5423,0.6719117829265271,12.86145669009319,2.295679856740671,1.1352307355923816,8.240282010119513,10.086409702988018,16.554906117564265,18.677249109339908,0.01567398119122257,3090,0.5300171526586621,1.190427200940121,-18.913595785825752,-25.95488319965653,-15.260487972071896,-8.560500778300618,-0.43198972550512893,0.7854406335706814,5.371195250864515,False,False,False,False,False,0,False,False
P19N,P19,N,3181,0.39412712179407755,14.585750080904536,2.615004548708537,1.2945439631993327,9.5889255249121,11.385707999774898,19.227573934856785,21.778039152397174,0.020433825840930526,2776,0.49141440963002303,1.5206698576248767,94.17696013978014,-39.317959017501344,48.7968294199439,4.0566930186886285,13.993024417875882,0.4836450748266414,12.871841250637114,False,False,True,True,True,3,True,True
P19T,P19,T,5244,0.6497336141742039,12.706831243527134,2.5266976095656144,1.2469781791166819,8.637399781819447,10.01701041119067,16.596192623883717,18.756469617518125,0.009534706331045004,2776,0.49141440963002303,1.5206698576248767,-35.326861931899074,9.386357221787868,21.441756765933942,-13.45694020270068,0.42165526617553517,0.7857089864560491,9.347600630334822,False,False,False,True,True,2,True,True
P20N,P20,N,3799,0.4706975591624334,13.560736781531222,2.4563368361357973,1.2179985051331634,8.492566694576137,10.785386492041875,17.502797988403955,20.38843212039343,0.021058173203474598,3580,0.5585023400936038,0.7948090153609231,17.863179942814014,14.832267381472144,-29.095825199687148,1.420775501602748,-36.589981094608476,0.712636320641462,3.837122626888782,False,False,False,False,False,0,False,False
P20T,P20,T,6191,0.7670672779085616,12.46083706398968,2.563202811536968,1.2673071453644589,7.598445479922315,9.226502054422319,16.42037128743144,18.17381117054121,0.007914714908738492,3580,0.5585023400936038,0.7948090153609231,-19.965613578300385,-23.130026581713583,-17.136676504593755,8.730322707308517,14.24261094082507,0.7762219896534269,3.8534778071053175,False,False,False,False,False,0,False,False
P21N,P21,N,2766,0.3427084623962334,14.79318976314027,2.421593250953089,1.1886957576067694,10.084160248322739,11.664924736105808,19.031974562433525,22.163989052342927,0.028199566160520606,2480,0.46572769953051646,1.48420430908351,63.7342810806427,-30.02822446871846,-16.171005314310236,-16.83874681708562,-40.35482339536459,0.5388500801412891,13.93205244576925,False,False,False,True,True,2,True,True
P21T,P21,T,5039,0.6243340354355098,12.765752783653989,2.514647314274308,1.2238936886134653,8.094940723111979,9.921938181413047,16.72283408959723,18.839685688102044,0.014090097241516174,2480,0.46572769953051646,1.48420430908351,-25.070600778718923,18.99209045863111,14.402726714257321,-19.098202828479327,1.9899557850034109,0.8104427852601149,9.915557231687439,False,False,False,True,True,2,True,True
P22N,P22,N,6222,0.7709081898153884,12.578377569010936,2.4798701094162965,1.2275010230330459,7.744447418834925,9.40416539371595,16.345373917005475,18.411855631458756,0.00900032144005143,4712,0.7282843894899537,0.6131589812037106,-13.723612870725407,-29.136565935731163,-19.749539541983033,21.397288545477778,0.8897873097746258,0.7616561521087387,3.3906055380505147,False,False,False,False,False,0,False,False
P22T,P22,T,4960,0.6145459050923058,12.936747156739571,2.337709102068125,1.1397820695441752,8.483185835408564,10.315876756745956,16.697050095500355,18.798980333193715,0.015120967741935484,4712,0.7282843894899537,0.6131589812037106,-15.494168650064996,-18.609091188903058,-18.98492365250141,-21.008371029258193,5.471729079470565,0.7878142944391048,3.7263705698521963,False,False,False,False,False,0,False,False
P23N,P23,N,3243,0.4018089456077314,14.40264883179594,2.532815867818911,1.2539243201253303,4.761290770853864,11.38779942662691,18.54897789568433,21.38954848207197,0.02559358618563059,3044,0.4706246134817563,1.3208697314304967,46.77338988768629,-25.84806483694182,-33.589988563759526,7.987870686911553,-76.23904146084419,0.5601226457378404,10.961995399136319,False,False,False,False,True,1,False,False
P23T,P23,T,6269,0.7767315078676744,12.453746756505435,2.5551255410484632,1.2810918790796535,7.386775287534317,9.145114649991116,16.25575547463564,18.257812217313752,0.007816238634550965,3044,0.4706246134817563,1.3208697314304967,-24.470924829234143,-28.645708357480224,-8.64487397317526,1.2772103877254066,15.136183780704421,0.8145958098657453,7.026051760666869,False,False,False,False,True,1,False,False
P24N,P24,N,4563,0.5653574526081031,13.155964069635665,2.47800227393704,1.206060880271023,8.394010216166322,10.34978556558784,16.935070006133937,19.50111671554256,0.0190664036817883,4163,0.7042801556420234,0.5784912955436123,9.675284205597698,30.279911226260463,-21.722557695064314,18.47247595256057,3.46101991166628,0.7549501328848525,2.6571800068356097,False,False,False,False,False,0,False,False
P24T,P24,T,5511,0.6828150167265519,12.707043215560496,2.467281359591073,1.2007782625276118,7.907180573930845,9.839986383854306,16.559099677315338,18.539439982052265,0.01324623480312103,4163,0.7042801556420234,0.5784912955436123,-6.887757414930712,-11.315197015395272,-26.477051379523434,-19.10151171682282,10.01700468690907,0.7971343477643437,2.966476570144629,False,False,False,False,False,0,False,False
P25N,P25,N,4019,0.49795564366249534,13.642341507318797,2.680060289401581,1.3198995828325568,8.509820489750167,10.656267332054957,18.169794044293138,20.56753452983009,0.019407812888778304,3265,0.6258386045620088,1.0809779986135197,76.0052239642224,-1.0032754183469381,25.533204673131493,-13.194723394522985,26.948809286568437,0.6452451743196298,6.457745509070184,False,False,False,False,False,0,False,True
P25T,P25,T,4463,0.552967414198984,13.413876837559672,2.4615546371218073,1.2353469246048583,8.388472967609781,10.429502541690928,17.27989675536332,19.67729835558572,0.0159085816715214,3265,0.6258386045620088,1.0809779986135197,2.0682515986867003,-34.53256521374402,-51.291837187006415,-24.964000306293425,-6.931428897990305,0.6871430443917128,5.680172412209705,True,True,True,False,False,3,True,True
P26N,P26,N,4867,0.6030231693718251,12.957717056062453,2.4625678988674746,1.2079588012560567,7.711524468435786,10.058525684239664,17.08666679155453,19.562064642047865,0.023423053215533184,4171,0.738753099539497,0.6828933784182052,10.765191160329627,43.71058085344473,16.538744976270042,-0.029013040825653605,-2.9284309323164313,0.7610380041801333,1.8898429596847186,False,False,False,False,False,0,False,False
P26T,P26,T,4950,0.6133069012513939,12.861466621310932,2.5934621379309437,1.2747111006316656,7.787469009969562,9.8062399370792,16.88010472459955,19.313537327428715,0.017373737373737375,4171,0.738753099539497,0.6828933784182052,-31.208683253373646,29.854765944625626,28.46327936162578,-25.126463863262256,0.2421715596737204,0.7606110290327343,3.57678581836847,False,False,False,False,False,0,False,False
P27N,P27,N,4666,0.5781191921694957,13.133235971914551,2.425008533856415,1.1998799328797238,7.724825049200221,10.26223949280317,17.18536696979673,19.913834074845756,0.024217745392198887,4274,0.6605873261205564,0.8339265700610632,30.856340860804284,24.04214609692781,1.0899163013130493,-0.77136054914288,5.496952208117265,0.721586533600759,2.083139537818043,False,False,False,False,False,0,False,False
P27T,P27,T,6078,0.7530665345062569,12.44154622114173,2.5348331482178796,1.2558994785754987,7.690922680793808,9.313906137200416,16.309878879841776,18.41104926614362,0.00970714050674564,4274,0.6605873261205564,0.8339265700610632,-27.36931772327248,-29.258092138973023,-8.47831160449311,-12.988407724669864,10.670335970633571,0.7702817831385054,2.498786217477649,False,False,False,False,False,0,False,False
P28N,P28,N,4080,0.505513567092058,13.493207358968814,2.373699381104279,1.1809328943122344,8.70770004372173,10.728332797468125,17.322891121248887,20.173621193812192,0.021813725490196077,3829,0.6138185315806348,0.7489704817551655,17.493299868326464,17.964739788952457,-24.793315639521072,-3.602533208518756,-24.199516143768694,0.7311585415613199,2.980002161020621,False,False,False,False,False,0,False,False
P28T,P28,T,5987,0.7417915995539586,12.48768132966008,2.532737030564771,1.2498559168693149,7.437722776052765,9.261572046863812,16.29076701046278,18.32688771501692,0.011190913646233506,3829,0.6138185315806348,0.7489704817551655,-34.64322097336296,-1.125822371326229,17.857023440246614,-10.173440078174838,0.6317437151492737,0.7937515683214037,2.8978520260928953,False,False,False,False,False,0,False,False
P29N,P29,N,4399,0.5450377896171478,13.16461941494566,2.5013967688466003,1.2307638236399825,8.422314496880118,10.378622062971324,17.138507258839063,19.76877681778996,0.020913844055467153,4204,0.662882371491643,0.6213731911100044,2.2153559403123655,37.171731911865784,-8.85272701484672,-0.41902242918144245,-13.53002933137149,0.7759261623343289,2.7958051663068773,False,False,False,False,False,0,False,False
P29T,P29,T,6147,0.7616156610085492,12.390364606390333,2.4930357597767205,1.2364446300717233,7.45533353435634,9.117936162862838,16.244999491617993,18.552728851811022,0.010899625833740035,4204,0.662882371491643,0.6213731911100044,-30.542288209462978,-4.0133011125749665,4.885404458054652,-2.13771956240256,8.148703983822326,0.8270424665676398,2.70705871205188,False,False,False,False,False,0,False,False
P30N,P30,N,5488,0.6799653078924545,12.636989979381555,2.534440061795806,1.2217047726021564,7.2141876943420895,9.732033808499285,16.578470079486785,19.003140772646347,0.02022594752186589,5026,0.7710954280454128,0.6192624659429056,1.1979164005236496,24.952748637170966,-17.764640785199195,21.587081664289926,5.120642281026353,0.7982978967858794,3.2523220813514624,False,False,False,False,False,0,False,False
P30T,P30,T,6056,0.7503407260562508,12.435022263430323,2.5166295556254923,1.242920172492628,7.351351118670859,9.049858757998596,16.29120071830132,18.360419176317798,0.009247027741083224,5026,0.7710954280454128,0.6192624659429056,-31.721365913657255,-14.244652086776082,-5.428754594359508,-15.404864895511917,7.746511599126543,0.8106296327078538,1.7161754231720556,False,False,False,False,False,0,False,False
P31N,P31,N,2460,0.30479494486432906,15.079471292056603,2.45923894436749,1.2195257442200536,10.55603132062485,12.309910064274254,19.492497498997885,22.40414372964361,0.026422764227642278,2270,0.3710969429458885,1.453661968729512,54.6522962098482,-15.945126369966294,-16.808901391636308,-19.435484566552034,-30.671795677526987,0.47612569239715374,16.191207363966747,False,True,True,True,True,4,True,True
P31T,P31,T,5927,0.7343575765084872,12.404119246118162,2.631343380250021,1.294247632845904,7.471573779359593,9.142592655766352,16.36925713757333,18.66259912259738,0.010123165176311793,2270,0.3710969429458885,1.453661968729512,-33.94796239442613,11.831983155843362,11.72944074074704,-13.876441315169297,3.029030487938193,0.8109103662447844,8.484126976549966,False,False,False,True,True,2,True,True
P32N,P32,N,5793,0.7177549250402676,12.469719686165524,2.6053996904497296,1.281610658401645,7.561686636371037,9.26559489325052,16.41911070782844,18.47158493533373,0.009148972898325565,5381,0.8508855154965211,0.3218001157868109,-29.36610397621002,3.223646156498649,12.615011779713708,-13.095071086319491,11.351318820292493,0.8211278660182939,3.310920722963334,False,False,False,False,False,0,False,False
P32T,P32,T,5912,0.7324990707471193,12.453198701763547,2.583869288278592,1.2707803408572635,7.581834700042949,9.258658032569379,16.329326080984966,18.39814159440536,0.0076116373477672535,5381,0.8508855154965211,0.3218001157868109,-27.034348395690785,-8.405811925960355,-3.5092243365104676,-10.32596673344948,13.35567542862341,0.8090345105034707,3.443307234928801,False,False,False,False,False,0,False,False
P33N,P33,N,5017,0.6216082269855037,13.013155840441806,2.4446969215746215,1.2054430164304222,7.702570754376863,10.032477440568318,16.842962937764874,19.219266342768375,0.018935618895754434,4451,0.7419569928321387,0.6851174022749333,14.294270673324236,20.262287695361696,-28.68433430075774,18.96287868725681,4.953993149361071,0.7689260005230146,2.6694725404237194,False,False,False,False,False,0,False,False
P33T,P33,T,5433,0.673150786767439,12.607087577302005,2.536446303013525,1.2367159985037972,7.887059183384611,9.59173199589116,16.62987279565945,18.871431088368585,0.013068286397938524,4451,0.7419569928321387,0.6851174022749333,-30.901283391931276,20.477481065878077,18.687547232559496,-10.419494685134618,0.5615461211686043,0.8116930239002383,2.686557062776363,False,False,False,False,False,0,False,False
P34N,P34,N,5233,0.6483707099492009,12.754937134228824,2.58830114658816,1.2650975339914918,7.716615774832867,9.665228885990722,16.932534682248086,19.440683435402946,0.018345117523409133,4755,0.7483474976392823,0.7032720387842168,16.01914051593509,37.860786599005955,23.02384984763154,2.844442243073641,9.575064206119636,0.753605263820123,2.181202995837901,False,False,False,False,False,0,False,False
P34T,P34,T,5876,0.7280386569198365,12.452638140642463,2.606590395823174,1.2965871871341674,7.450397012536676,9.150719719447565,16.367298064326103,18.378034062862525,0.008339006126616746,4755,0.7483474976392823,0.7032720387842168,-36.31371779858119,-7.651079780306556,16.804598445996692,-6.195574100426365,-4.208634137424992,0.7804069097885916,2.5280857484430874,False,False,False,False,False,0,False,False
P35N,P35,N,5818,0.7208524346425474,12.593696950967814,2.733778424378926,1.33710846175242,7.684889803348344,9.259303114623384,16.586203768220052,18.608080681845415,0.006359573736679271,5077,0.7702928235472614,0.7570425250112791,8.374300000120147,0.3419401684989931,-34.178073770755205,58.87211671309388,34.67668361759536,0.6940140793451925,4.174388869307118,False,False,False,False,False,0,False,False
P35T,P35,T,5850,0.7248172469334655,12.595926190231886,2.523039190260242,1.2587430440282157,7.895805972391108,9.572054805970835,16.468897677969128,18.69829780911209,0.009914529914529915,5077,0.7702928235472614,0.7570425250112791,-18.368158227444734,-25.682606530183136,-9.123142488837757,-11.612720967159092,8.082761836210997,0.7812123821431868,3.2436129924710007,False,False,False,False,False,0,False,False
P36N,P36,N,5579,0.6912402428447528,12.707216088088698,2.7038017922671678,1.3312222008975922,7.312622735250272,9.243705486974712,16.6861131200717,18.685476962471974,0.010575371930453487,4666,0.7504020585397234,0.7311983056272959,16.441295941815614,7.529544065385705,-32.70275878778094,45.98485095683551,40.03546940805809,0.7146568891976814,3.0553872172281986,False,False,False,False,False,0,False,False
P36T,P36,T,5305,0.6572915376037666,12.818111010548948,2.4204891874645202,1.1888556796458971,8.085778140121917,9.614242190820967,16.59365911933087,19.03495085222967,0.013949104618284637,4666,0.7504020585397234,0.7311983056272959,-13.89421389974654,-9.89390429100744,-11.499662472118859,-19.71630368552035,6.481312702458519,0.7912182115346004,2.960701456476011,False,False,False,False,False,0,False,False
P37N,P37,N,4438,0.5498699045967043,13.32344018660827,2.473351171157324,1.2212517582178508,8.706744202153958,10.424517739947971,17.480381691098792,20.302650491049263,0.022082018927444796,4104,0.6276189019727787,0.9324461924059113,53.78540777771797,4.341242910173012,-13.81638830136899,-15.76893696048781,17.871822100440205,0.710377747795251,3.632482572034599,False,False,False,False,False,0,False,False
P37T,P37,T,6205,0.7688018832858382,12.404679164646467,2.7333533831556434,1.3611174729614461,7.388612280760753,8.997298324469995,16.23115491786941,18.538443490417556,0.00676873489121676,4104,0.6276189019727787,0.9324461924059113,-26.182826021954636,-38.81255033459665,8.507339156735243,7.492562246084952,-6.246612434501879,0.7554341792296899,3.392436288712302,False,False,False,False,False,0,False,False
P38N,P38,N,5349,0.662743154503779,12.71065931741089,2.5062520444677183,1.25533725251975,7.8262741636382644,9.541480265165982,16.78486081899805,19.331022742387226,0.013273509067115349,4584,0.767967833808008,0.5793002645382872,-1.207089418409735,30.768694433829683,22.105323606812686,4.110930966759572,-4.9472991334878555,0.7845454169904654,3.292527265963708,False,False,False,False,False,0,False,False
P38T,P38,T,5204,0.6447775988105563,12.73775580244845,2.5518161671294983,1.27573782547603,7.2815922649344795,9.448411562962857,16.66453769102966,19.042497347284222,0.017678708685626442,4584,0.767967833808008,0.5793002645382872,-25.75573694264041,8.371218416189045,5.896123012004537,-22.269322401084505,-0.34281474763870207,0.7880718479505291,2.9009616921846333,False,False,False,False,False,0,False,False
P39N,P39,N,5017,0.6216082269855037,13.105221962793836,2.501349647591365,1.2434097597578901,8.26527062298508,10.080352051770884,16.926032238868817,19.23474717889334,0.009766792904125972,4567,0.7003527066400859,0.8528123078329344,18.579895178092467,4.523769421690197,-34.84845637855771,53.58736073290367,21.855490989386112,0.70866536825887,3.0314171680817292,False,False,False,False,False,0,False,False
P39T,P39,T,6071,0.7521992318176186,12.330101317414572,2.749167834048123,1.3629325022711942,7.067817530739825,8.925254193663882,16.292125336991415,18.435745039008115,0.008400592983034097,4567,0.7003527066400859,0.8528123078329344,-29.756175231032458,5.560471603223263,19.178823819979396,3.920031880666506,4.971954785913838,0.7882311627395869,3.0384586896847314,False,False,False,False,False,0,False,False
P40N,P40,N,4173,0.5170363028125388,13.590589905136504,2.283160840926069,1.128182243407366,8.537574307614005,10.646861899137669,17.366912349081915,20.14535081842383,0.024922118380062305,3988,0.6527004909983634,0.768109217420144,15.360760701053229,2.5962351620115234,-35.28175338039537,-6.361155228391108,-23.205169890971046,0.7322301023111847,4.2681327728346,False,False,False,False,False,0,False,False
P40T,P40,T,5925,0.7341097757403048,12.422626489526445,2.6190415056522145,1.309275659297489,7.602976320886002,9.19315485968815,16.445459469514358,18.456446429780375,0.006919831223628692,3988,0.6527004909983634,0.768109217420144,-21.52991824409599,3.9939117010969025,-1.1798616644472844,-13.450339644908032,8.915388217652689,0.831999472364359,3.642188089691142,False,False,False,False,False,0,False,False
P41N,P41,N,4464,0.5530913145830753,13.17123740583282,2.4835452581725193,1.2377885041490053,8.494193073388741,10.184867355277708,17.284560704679716,19.997748347160456,0.018593189964157705,4149,0.6532829475673122,0.8534994013747834,53.161334700440335,24.984926895695626,11.248756352016779,-13.803986476034316,13.325063797494964,0.7073307579250948,3.910664832868288,False,False,False,False,False,0,False,False
P41T,P41,T,6036,0.747862718374427,12.439902442694247,2.4989049414990365,1.2319759232173269,7.673159547802276,9.439101970562385,16.341932814544197,18.6497650847142,0.012591119946984758,4149,0.6532829475673122,0.8534994013747834,-30.501729794357377,7.800611535168683,6.399772631097577,-5.14704504926203,0.5886955927741648,0.8105436614935552,2.7650463498312496,False,False,False,False,False,0,False,False
P42N,P42,N,3490,0.4324123404782555,14.284984947293493,2.61440743706142,1.2885394877984204,8.013568292717162,10.834755148277468,18.87345021081449,21.45670347124212,0.026074498567335243,3154,0.49984152139461174,1.4533920886668659,96.77314064545929,-23.994140317493343,16.35586337202243,-15.745490785005213,16.079123657154657,0.5374054932626169,10.631485127465833,False,False,False,True,True,2,True,True
P42T,P42,T,5974,0.7401808945607732,12.34390650854123,2.6492919073448498,1.3061804369677192,7.609591921867201,9.241515359211931,16.335233758021783,18.459327644682094,0.00920656176765986,3154,0.49984152139461174,1.4533920886668659,-32.927920113171965,0.22889700839827926,9.18948212599745,-7.100629202763616,5.840132865448049,0.7851575362055078,8.021016376762013,False,False,False,True,True,2,True,True
