repeat,outer_seed,patient_id,outer_fold
0,20231117,P1,1
0,20231117,P10,3
0,20231117,P11,5
0,20231117,P12,3
0,20231117,P13,4
0,20231117,P14,1
0,20231117,P15,3
0,20231117,P16,0
0,20231117,P17,0
0,20231117,P18,5
0,20231117,P19,2
0,20231117,P2,5
0,20231117,P20,2
0,20231117,P21,3
0,20231117,P22,5
0,20231117,P23,3
0,20231117,P24,5
0,20231117,P25,3
0,20231117,P26,1
0,20231117,P27,0
0,20231117,P28,2
0,20231117,P29,1
0,20231117,P3,2
0,20231117,P30,4
0,20231117,P31,1
0,20231117,P32,0
0,20231117,P33,3
0,20231117,P34,2
0,20231117,P35,0
0,20231117,P36,0
0,20231117,P37,4
0,20231117,P38,4
0,20231117,P39,2
0,20231117,P4,2
0,20231117,P40,1
0,20231117,P41,4
0,20231117,P42,0
0,20231117,P5,4
0,20231117,P6,4
0,20231117,P7,1
0,20231117,P8,5
0,20231117,P9,5
1,20232126,P1,1
1,20232126,P10,1
1,20232126,P11,4
1,20232126,P12,3
1,20232126,P13,0
1,20232126,P14,5
1,20232126,P15,2
1,20232126,P16,0
1,20232126,P17,1
1,20232126,P18,5
1,20232126,P19,4
1,20232126,P2,3
1,20232126,P20,2
1,20232126,P21,3
1,20232126,P22,3
1,20232126,P23,4
1,20232126,P24,2
1,20232126,P25,2
1,20232126,P26,5
1,20232126,P27,5
1,20232126,P28,4
1,20232126,P29,3
1,20232126,P3,5
1,20232126,P30,2
1,20232126,P31,5
1,20232126,P32,0
1,20232126,P33,2
1,20232126,P34,0
1,20232126,P35,2
1,20232126,P36,1
1,20232126,P37,4
1,20232126,P38,1
1,20232126,P39,0
1,20232126,P4,1
1,20232126,P40,3
1,20232126,P41,0
1,20232126,P42,5
1,20232126,P5,3
1,20232126,P6,0
1,20232126,P7,1
1,20232126,P8,4
1,20232126,P9,4
2,20233135,P1,0
2,20233135,P10,5
2,20233135,P11,3
2,20233135,P12,1
2,20233135,P13,0
2,20233135,P14,0
2,20233135,P15,0
2,20233135,P16,3
2,20233135,P17,5
2,20233135,P18,4
2,20233135,P19,2
2,20233135,P2,2
2,20233135,P20,3
2,20233135,P21,5
2,20233135,P22,3
2,20233135,P23,1
2,20233135,P24,5
2,20233135,P25,1
2,20233135,P26,4
2,20233135,P27,1
2,20233135,P28,0
2,20233135,P29,2
2,20233135,P3,4
2,20233135,P30,1
2,20233135,P31,4
2,20233135,P32,0
2,20233135,P33,1
2,20233135,P34,1
2,20233135,P35,4
2,20233135,P36,2
2,20233135,P37,3
2,20233135,P38,5
2,20233135,P39,5
2,20233135,P4,3
2,20233135,P40,4
2,20233135,P41,5
2,20233135,P42,2
2,20233135,P5,4
2,20233135,P6,2
2,20233135,P7,3
2,20233135,P8,2
2,20233135,P9,0
3,20234144,P1,3
3,20234144,P10,5
3,20234144,P11,4
3,20234144,P12,1
3,20234144,P13,4
3,20234144,P14,4
3,20234144,P15,5
3,20234144,P16,4
3,20234144,P17,5
3,20234144,P18,0
3,20234144,P19,4
3,20234144,P2,0
3,20234144,P20,3
3,20234144,P21,2
3,20234144,P22,5
3,20234144,P23,2
3,20234144,P24,0
3,20234144,P25,0
3,20234144,P26,4
3,20234144,P27,3
3,20234144,P28,5
3,20234144,P29,3
3,20234144,P3,1
3,20234144,P30,1
3,20234144,P31,0
3,20234144,P32,1
3,20234144,P33,0
3,20234144,P34,1
3,20234144,P35,2
3,20234144,P36,4
3,20234144,P37,5
3,20234144,P38,1
3,20234144,P39,0
3,20234144,P4,5
3,20234144,P40,2
3,20234144,P41,3
3,20234144,P42,2
3,20234144,P5,3
3,20234144,P6,1
3,20234144,P7,2
3,20234144,P8,3
3,20234144,P9,2
4,20235153,P1,3
4,20235153,P10,5
4,20235153,P11,5
4,20235153,P12,1
4,20235153,P13,2
4,20235153,P14,1
4,20235153,P15,3
4,20235153,P16,4
4,20235153,P17,0
4,20235153,P18,3
4,20235153,P19,4
4,20235153,P2,0
4,20235153,P20,5
4,20235153,P21,3
4,20235153,P22,2
4,20235153,P23,4
4,20235153,P24,2
4,20235153,P25,0
4,20235153,P26,0
4,20235153,P27,2
4,20235153,P28,3
4,20235153,P29,1
4,20235153,P3,2
4,20235153,P30,5
4,20235153,P31,2
4,20235153,P32,4
4,20235153,P33,1
4,20235153,P34,1
4,20235153,P35,2
4,20235153,P36,1
4,20235153,P37,1
4,20235153,P38,4
4,20235153,P39,3
4,20235153,P4,4
4,20235153,P40,3
4,20235153,P41,5
4,20235153,P42,0
4,20235153,P5,5
4,20235153,P6,0
4,20235153,P7,5
4,20235153,P8,4
4,20235153,P9,0
5,20236162,P1,2
5,20236162,P10,3
5,20236162,P11,3
5,20236162,P12,2
5,20236162,P13,0
5,20236162,P14,4
5,20236162,P15,1
5,20236162,P16,1
5,20236162,P17,4
5,20236162,P18,0
5,20236162,P19,2
5,20236162,P2,5
5,20236162,P20,4
5,20236162,P21,0
5,20236162,P22,5
5,20236162,P23,2
5,20236162,P24,3
5,20236162,P25,0
5,20236162,P26,1
5,20236162,P27,2
5,20236162,P28,5
5,20236162,P29,5
5,20236162,P3,1
5,20236162,P30,4
5,20236162,P31,5
5,20236162,P32,4
5,20236162,P33,5
5,20236162,P34,3
5,20236162,P35,1
5,20236162,P36,1
5,20236162,P37,3
5,20236162,P38,2
5,20236162,P39,0
5,20236162,P4,3
5,20236162,P40,0
5,20236162,P41,3
5,20236162,P42,4
5,20236162,P5,5
5,20236162,P6,1
5,20236162,P7,2
5,20236162,P8,4
5,20236162,P9,0
6,20237171,P1,5
6,20237171,P10,0
6,20237171,P11,0
6,20237171,P12,1
6,20237171,P13,0
6,20237171,P14,5
6,20237171,P15,5
6,20237171,P16,4
6,20237171,P17,3
6,20237171,P18,4
6,20237171,P19,3
6,20237171,P2,2
6,20237171,P20,1
6,20237171,P21,3
6,20237171,P22,2
6,20237171,P23,1
6,20237171,P24,3
6,20237171,P25,3
6,20237171,P26,2
6,20237171,P27,5
6,20237171,P28,1
6,20237171,P29,1
6,20237171,P3,4
6,20237171,P30,3
6,20237171,P31,0
6,20237171,P32,0
6,20237171,P33,1
6,20237171,P34,2
6,20237171,P35,2
6,20237171,P36,1
6,20237171,P37,0
6,20237171,P38,0
6,20237171,P39,2
6,20237171,P4,4
6,20237171,P40,3
6,20237171,P41,5
6,20237171,P42,5
6,20237171,P5,2
6,20237171,P6,4
6,20237171,P7,4
6,20237171,P8,4
6,20237171,P9,5
7,20238180,P1,1
7,20238180,P10,0
7,20238180,P11,2
7,20238180,P12,0
7,20238180,P13,4
7,20238180,P14,3
7,20238180,P15,5
7,20238180,P16,5
7,20238180,P17,1
7,20238180,P18,3
7,20238180,P19,5
7,20238180,P2,2
7,20238180,P20,4
7,20238180,P21,3
7,20238180,P22,5
7,20238180,P23,5
7,20238180,P24,4
7,20238180,P25,3
7,20238180,P26,2
7,20238180,P27,1
7,20238180,P28,4
7,20238180,P29,0
7,20238180,P3,4
7,20238180,P30,5
7,20238180,P31,2
7,20238180,P32,1
7,20238180,P33,5
7,20238180,P34,4
7,20238180,P35,3
7,20238180,P36,4
7,20238180,P37,0
7,20238180,P38,1
7,20238180,P39,2
7,20238180,P4,2
7,20238180,P40,1
7,20238180,P41,0
7,20238180,P42,0
7,20238180,P5,3
7,20238180,P6,0
7,20238180,P7,1
7,20238180,P8,2
7,20238180,P9,3
8,20239189,P1,4
8,20239189,P10,4
8,20239189,P11,1
8,20239189,P12,2
8,20239189,P13,5
8,20239189,P14,5
8,20239189,P15,5
8,20239189,P16,5
8,20239189,P17,0
8,20239189,P18,4
8,20239189,P19,1
8,20239189,P2,3
8,20239189,P20,4
8,20239189,P21,1
8,20239189,P22,3
8,20239189,P23,4
8,20239189,P24,4
8,20239189,P25,2
8,20239189,P26,0
8,20239189,P27,2
8,20239189,P28,3
8,20239189,P29,0
8,20239189,P3,0
8,20239189,P30,2
8,20239189,P31,1
8,20239189,P32,5
8,20239189,P33,5
8,20239189,P34,0
8,20239189,P35,3
8,20239189,P36,2
8,20239189,P37,0
8,20239189,P38,1
8,20239189,P39,2
8,20239189,P4,1
8,20239189,P40,2
8,20239189,P41,3
8,20239189,P42,3
8,20239189,P5,4
8,20239189,P6,5
8,20239189,P7,0
8,20239189,P8,3
8,20239189,P9,1
9,20240198,P1,1
9,20240198,P10,5
9,20240198,P11,4
9,20240198,P12,3
9,20240198,P13,0
9,20240198,P14,0
9,20240198,P15,2
9,20240198,P16,0
9,20240198,P17,1
9,20240198,P18,4
9,20240198,P19,3
9,20240198,P2,4
9,20240198,P20,1
9,20240198,P21,2
9,20240198,P22,5
9,20240198,P23,2
9,20240198,P24,2
9,20240198,P25,2
9,20240198,P26,2
9,20240198,P27,3
9,20240198,P28,4
9,20240198,P29,4
9,20240198,P3,0
9,20240198,P30,3
9,20240198,P31,0
9,20240198,P32,5
9,20240198,P33,1
9,20240198,P34,3
9,20240198,P35,5
9,20240198,P36,5
9,20240198,P37,2
9,20240198,P38,3
9,20240198,P39,1
9,20240198,P4,4
9,20240198,P40,0
9,20240198,P41,0
9,20240198,P42,3
9,20240198,P5,5
9,20240198,P6,5
9,20240198,P7,1
9,20240198,P8,4
9,20240198,P9,1
10,20241207,P1,1
10,20241207,P10,0
10,20241207,P11,2
10,20241207,P12,3
10,20241207,P13,1
10,20241207,P14,5
10,20241207,P15,0
10,20241207,P16,3
10,20241207,P17,4
10,20241207,P18,0
10,20241207,P19,0
10,20241207,P2,3
10,20241207,P20,2
10,20241207,P21,3
10,20241207,P22,2
10,20241207,P23,3
10,20241207,P24,2
10,20241207,P25,1
10,20241207,P26,4
10,20241207,P27,4
10,20241207,P28,5
10,20241207,P29,0
10,20241207,P3,4
10,20241207,P30,5
10,20241207,P31,1
10,20241207,P32,5
10,20241207,P33,5
10,20241207,P34,5
10,20241207,P35,5
10,20241207,P36,2
10,20241207,P37,1
10,20241207,P38,1
10,20241207,P39,1
10,20241207,P4,2
10,20241207,P40,4
10,20241207,P41,3
10,20241207,P42,4
10,20241207,P5,2
10,20241207,P6,0
10,20241207,P7,0
10,20241207,P8,4
10,20241207,P9,3
11,20242216,P1,4
11,20242216,P10,4
11,20242216,P11,2
11,20242216,P12,2
11,20242216,P13,5
11,20242216,P14,3
11,20242216,P15,5
11,20242216,P16,1
11,20242216,P17,0
11,20242216,P18,2
11,20242216,P19,0
11,20242216,P2,2
11,20242216,P20,5
11,20242216,P21,2
11,20242216,P22,5
11,20242216,P23,4
11,20242216,P24,5
11,20242216,P25,0
11,20242216,P26,3
11,20242216,P27,3
11,20242216,P28,0
11,20242216,P29,4
11,20242216,P3,1
11,20242216,P30,5
11,20242216,P31,3
11,20242216,P32,0
11,20242216,P33,0
11,20242216,P34,4
11,20242216,P35,1
11,20242216,P36,1
11,20242216,P37,2
11,20242216,P38,1
11,20242216,P39,4
11,20242216,P4,4
11,20242216,P40,3
11,20242216,P41,5
11,20242216,P42,0
11,20242216,P5,1
11,20242216,P6,3
11,20242216,P7,2
11,20242216,P8,3
11,20242216,P9,1
12,20243225,P1,5
12,20243225,P10,2
12,20243225,P11,2
12,20243225,P12,0
12,20243225,P13,0
12,20243225,P14,1
12,20243225,P15,2
12,20243225,P16,2
12,20243225,P17,0
12,20243225,P18,4
12,20243225,P19,3
12,20243225,P2,5
12,20243225,P20,2
12,20243225,P21,3
12,20243225,P22,5
12,20243225,P23,3
12,20243225,P24,3
12,20243225,P25,4
12,20243225,P26,1
12,20243225,P27,0
12,20243225,P28,3
12,20243225,P29,5
12,20243225,P3,1
12,20243225,P30,0
12,20243225,P31,5
12,20243225,P32,5
12,20243225,P33,3
12,20243225,P34,3
12,20243225,P35,4
12,20243225,P36,1
12,20243225,P37,4
12,20243225,P38,2
12,20243225,P39,1
12,20243225,P4,1
12,20243225,P40,4
12,20243225,P41,2
12,20243225,P42,0
12,20243225,P5,0
12,20243225,P6,5
12,20243225,P7,4
12,20243225,P8,1
12,20243225,P9,4
13,20244234,P1,2
13,20244234,P10,2
13,20244234,P11,4
13,20244234,P12,0
13,20244234,P13,5
13,20244234,P14,5
13,20244234,P15,3
13,20244234,P16,5
13,20244234,P17,1
13,20244234,P18,1
13,20244234,P19,1
13,20244234,P2,0
13,20244234,P20,2
13,20244234,P21,0
13,20244234,P22,3
13,20244234,P23,1
13,20244234,P24,0
13,20244234,P25,4
13,20244234,P26,3
13,20244234,P27,2
13,20244234,P28,2
13,20244234,P29,0
13,20244234,P3,4
13,20244234,P30,1
13,20244234,P31,4
13,20244234,P32,2
13,20244234,P33,0
13,20244234,P34,3
13,20244234,P35,3
13,20244234,P36,1
13,20244234,P37,2
13,20244234,P38,3
13,20244234,P39,4
13,20244234,P4,3
13,20244234,P40,5
13,20244234,P41,5
13,20244234,P42,5
13,20244234,P5,0
13,20244234,P6,5
13,20244234,P7,1
13,20244234,P8,4
13,20244234,P9,4
14,20245243,P1,2
14,20245243,P10,4
14,20245243,P11,2
14,20245243,P12,3
14,20245243,P13,5
14,20245243,P14,3
14,20245243,P15,5
14,20245243,P16,5
14,20245243,P17,3
14,20245243,P18,4
14,20245243,P19,1
14,20245243,P2,1
14,20245243,P20,0
14,20245243,P21,4
14,20245243,P22,0
14,20245243,P23,3
14,20245243,P24,0
14,20245243,P25,1
14,20245243,P26,2
14,20245243,P27,1
14,20245243,P28,1
14,20245243,P29,1
14,20245243,P3,5
14,20245243,P30,5
14,20245243,P31,5
14,20245243,P32,0
14,20245243,P33,5
14,20245243,P34,4
14,20245243,P35,4
14,20245243,P36,2
14,20245243,P37,2
14,20245243,P38,0
14,20245243,P39,3
14,20245243,P4,2
14,20245243,P40,4
14,20245243,P41,0
14,20245243,P42,0
14,20245243,P5,3
14,20245243,P6,4
14,20245243,P7,2
14,20245243,P8,1
14,20245243,P9,3
15,20246252,P1,5
15,20246252,P10,5
15,20246252,P11,5
15,20246252,P12,0
15,20246252,P13,0
15,20246252,P14,1
15,20246252,P15,5
15,20246252,P16,5
15,20246252,P17,2
15,20246252,P18,4
15,20246252,P19,1
15,20246252,P2,3
15,20246252,P20,0
15,20246252,P21,4
15,20246252,P22,4
15,20246252,P23,0
15,20246252,P24,2
15,20246252,P25,3
15,20246252,P26,4
15,20246252,P27,1
15,20246252,P28,5
15,20246252,P29,4
15,20246252,P3,0
15,20246252,P30,3
15,20246252,P31,3
15,20246252,P32,3
15,20246252,P33,4
15,20246252,P34,1
15,20246252,P35,2
15,20246252,P36,1
15,20246252,P37,0
15,20246252,P38,5
15,20246252,P39,0
15,20246252,P4,3
15,20246252,P40,2
15,20246252,P41,3
15,20246252,P42,2
15,20246252,P5,4
15,20246252,P6,1
15,20246252,P7,2
15,20246252,P8,1
15,20246252,P9,2
16,20247261,P1,4
16,20247261,P10,0
16,20247261,P11,2
16,20247261,P12,0
16,20247261,P13,2
16,20247261,P14,3
16,20247261,P15,3
16,20247261,P16,4
16,20247261,P17,4
16,20247261,P18,3
16,20247261,P19,2
16,20247261,P2,3
16,20247261,P20,4
16,20247261,P21,3
16,20247261,P22,2
16,20247261,P23,0
16,20247261,P24,0
16,20247261,P25,1
16,20247261,P26,5
16,20247261,P27,5
16,20247261,P28,1
16,20247261,P29,2
16,20247261,P3,2
16,20247261,P30,3
16,20247261,P31,5
16,20247261,P32,4
16,20247261,P33,0
16,20247261,P34,0
16,20247261,P35,4
16,20247261,P36,1
16,20247261,P37,1
16,20247261,P38,5
16,20247261,P39,2
16,20247261,P4,0
16,20247261,P40,3
16,20247261,P41,4
16,20247261,P42,1
16,20247261,P5,5
16,20247261,P6,1
16,20247261,P7,5
16,20247261,P8,5
16,20247261,P9,1
17,20248270,P1,2
17,20248270,P10,2
17,20248270,P11,5
17,20248270,P12,1
17,20248270,P13,4
17,20248270,P14,0
17,20248270,P15,1
17,20248270,P16,4
17,20248270,P17,0
17,20248270,P18,2
17,20248270,P19,0
17,20248270,P2,3
17,20248270,P20,3
17,20248270,P21,4
17,20248270,P22,5
17,20248270,P23,4
17,20248270,P24,1
17,20248270,P25,2
17,20248270,P26,0
17,20248270,P27,4
17,20248270,P28,4
17,20248270,P29,2
17,20248270,P3,5
17,20248270,P30,2
17,20248270,P31,4
17,20248270,P32,3
17,20248270,P33,2
17,20248270,P34,3
17,20248270,P35,3
17,20248270,P36,1
17,20248270,P37,1
17,20248270,P38,0
17,20248270,P39,3
17,20248270,P4,0
17,20248270,P40,0
17,20248270,P41,5
17,20248270,P42,3
17,20248270,P5,1
17,20248270,P6,5
17,20248270,P7,5
17,20248270,P8,5
17,20248270,P9,1
18,20249279,P1,4
18,20249279,P10,4
18,20249279,P11,4
18,20249279,P12,3
18,20249279,P13,2
18,20249279,P14,1
18,20249279,P15,0
18,20249279,P16,2
18,20249279,P17,5
18,20249279,P18,0
18,20249279,P19,3
18,20249279,P2,3
18,20249279,P20,1
18,20249279,P21,5
18,20249279,P22,4
18,20249279,P23,2
18,20249279,P24,2
18,20249279,P25,0
18,20249279,P26,5
18,20249279,P27,1
18,20249279,P28,0
18,20249279,P29,3
18,20249279,P3,4
18,20249279,P30,4
18,20249279,P31,1
18,20249279,P32,4
18,20249279,P33,2
18,20249279,P34,3
18,20249279,P35,1
18,20249279,P36,5
18,20249279,P37,5
18,20249279,P38,0
18,20249279,P39,5
18,20249279,P4,0
18,20249279,P40,5
18,20249279,P41,3
18,20249279,P42,0
18,20249279,P5,3
18,20249279,P6,2
18,20249279,P7,2
18,20249279,P8,1
18,20249279,P9,1
19,20250288,P1,5
19,20250288,P10,2
19,20250288,P11,0
19,20250288,P12,3
19,20250288,P13,0
19,20250288,P14,2
19,20250288,P15,4
19,20250288,P16,5
19,20250288,P17,5
19,20250288,P18,5
19,20250288,P19,3
19,20250288,P2,1
19,20250288,P20,1
19,20250288,P21,5
19,20250288,P22,3
19,20250288,P23,1
19,20250288,P24,2
19,20250288,P25,2
19,20250288,P26,0
19,20250288,P27,4
19,20250288,P28,1
19,20250288,P29,3
19,20250288,P3,2
19,20250288,P30,5
19,20250288,P31,1
19,20250288,P32,2
19,20250288,P33,2
19,20250288,P34,4
19,20250288,P35,3
19,20250288,P36,1
19,20250288,P37,0
19,20250288,P38,4
19,20250288,P39,0
19,20250288,P4,0
19,20250288,P40,4
19,20250288,P41,3
19,20250288,P42,4
19,20250288,P5,3
19,20250288,P6,1
19,20250288,P7,0
19,20250288,P8,5
19,20250288,P9,4
20,20251297,P1,3
20,20251297,P10,0
20,20251297,P11,2
20,20251297,P12,5
20,20251297,P13,1
20,20251297,P14,4
20,20251297,P15,3
20,20251297,P16,2
20,20251297,P17,3
20,20251297,P18,2
20,20251297,P19,4
20,20251297,P2,4
20,20251297,P20,5
20,20251297,P21,5
20,20251297,P22,4
20,20251297,P23,1
20,20251297,P24,5
20,20251297,P25,1
20,20251297,P26,0
20,20251297,P27,2
20,20251297,P28,3
20,20251297,P29,1
20,20251297,P3,3
20,20251297,P30,0
20,20251297,P31,4
20,20251297,P32,3
20,20251297,P33,0
20,20251297,P34,4
20,20251297,P35,5
20,20251297,P36,1
20,20251297,P37,0
20,20251297,P38,2
20,20251297,P39,2
20,20251297,P4,5
20,20251297,P40,0
20,20251297,P41,5
20,20251297,P42,1
20,20251297,P5,2
20,20251297,P6,4
20,20251297,P7,3
20,20251297,P8,0
20,20251297,P9,1
21,20252306,P1,3
21,20252306,P10,3
21,20252306,P11,4
21,20252306,P12,5
21,20252306,P13,1
21,20252306,P14,5
21,20252306,P15,2
21,20252306,P16,5
21,20252306,P17,1
21,20252306,P18,2
21,20252306,P19,4
21,20252306,P2,4
21,20252306,P20,3
21,20252306,P21,1
21,20252306,P22,4
21,20252306,P23,0
21,20252306,P24,0
21,20252306,P25,1
21,20252306,P26,3
21,20252306,P27,0
21,20252306,P28,1
21,20252306,P29,0
21,20252306,P3,0
21,20252306,P30,4
21,20252306,P31,1
21,20252306,P32,2
21,20252306,P33,4
21,20252306,P34,4
21,20252306,P35,2
21,20252306,P36,0
21,20252306,P37,2
21,20252306,P38,5
21,20252306,P39,5
21,20252306,P4,3
21,20252306,P40,2
21,20252306,P41,2
21,20252306,P42,0
21,20252306,P5,5
21,20252306,P6,3
21,20252306,P7,3
21,20252306,P8,1
21,20252306,P9,5
22,20253315,P1,5
22,20253315,P10,0
22,20253315,P11,5
22,20253315,P12,2
22,20253315,P13,3
22,20253315,P14,4
22,20253315,P15,3
22,20253315,P16,0
22,20253315,P17,4
22,20253315,P18,0
22,20253315,P19,5
22,20253315,P2,3
22,20253315,P20,2
22,20253315,P21,5
22,20253315,P22,4
22,20253315,P23,2
22,20253315,P24,4
22,20253315,P25,3
22,20253315,P26,0
22,20253315,P27,2
22,20253315,P28,1
22,20253315,P29,4
22,20253315,P3,1
22,20253315,P30,3
22,20253315,P31,1
22,20253315,P32,0
22,20253315,P33,2
22,20253315,P34,3
22,20253315,P35,1
22,20253315,P36,5
22,20253315,P37,5
22,20253315,P38,4
22,20253315,P39,5
22,20253315,P4,2
22,20253315,P40,1
22,20253315,P41,0
22,20253315,P42,1
22,20253315,P5,1
22,20253315,P6,0
22,20253315,P7,2
22,20253315,P8,4
22,20253315,P9,3
23,20254324,P1,0
23,20254324,P10,4
23,20254324,P11,1
23,20254324,P12,4
23,20254324,P13,5
23,20254324,P14,1
23,20254324,P15,0
23,20254324,P16,1
23,20254324,P17,5
23,20254324,P18,3
23,20254324,P19,1
23,20254324,P2,4
23,20254324,P20,5
23,20254324,P21,2
23,20254324,P22,0
23,20254324,P23,2
23,20254324,P24,0
23,20254324,P25,3
23,20254324,P26,5
23,20254324,P27,4
23,20254324,P28,4
23,20254324,P29,4
23,20254324,P3,3
23,20254324,P30,0
23,20254324,P31,4
23,20254324,P32,2
23,20254324,P33,2
23,20254324,P34,5
23,20254324,P35,1
23,20254324,P36,5
23,20254324,P37,1
23,20254324,P38,3
23,20254324,P39,5
23,20254324,P4,3
23,20254324,P40,2
23,20254324,P41,0
23,20254324,P42,3
23,20254324,P5,1
23,20254324,P6,3
23,20254324,P7,2
23,20254324,P8,2
23,20254324,P9,0
24,20255333,P1,4
24,20255333,P10,5
24,20255333,P11,2
24,20255333,P12,2
24,20255333,P13,3
24,20255333,P14,4
24,20255333,P15,1
24,20255333,P16,5
24,20255333,P17,3
24,20255333,P18,2
24,20255333,P19,5
24,20255333,P2,2
24,20255333,P20,4
24,20255333,P21,5
24,20255333,P22,3
24,20255333,P23,1
24,20255333,P24,0
24,20255333,P25,3
24,20255333,P26,3
24,20255333,P27,0
24,20255333,P28,3
24,20255333,P29,2
24,20255333,P3,5
24,20255333,P30,4
24,20255333,P31,0
24,20255333,P32,3
24,20255333,P33,1
24,20255333,P34,4
24,20255333,P35,1
24,20255333,P36,2
24,20255333,P37,0
24,20255333,P38,5
24,20255333,P39,0
24,20255333,P4,1
24,20255333,P40,1
24,20255333,P41,2
24,20255333,P42,5
24,20255333,P5,0
24,20255333,P6,0
24,20255333,P7,4
24,20255333,P8,1
24,20255333,P9,4
