view,model,metric,median,interval_low,interval_high,repeat_count
abundance,elastic_net,roc_auc,0.9824263038548753,0.976530612244898,0.9887755102040816,25
abundance,elastic_net,balanced_accuracy,0.9642857142857142,0.9642857142857142,0.9690476190476189,25
abundance,elastic_net,sensitivity,0.9761904761904762,0.9761904761904762,0.9857142857142857,25
abundance,elastic_net,specificity,0.9523809523809523,0.9523809523809523,0.9523809523809523,25
abundance,elastic_net,brier_score,0.07606482540242006,0.058538926465953864,0.078658657876917,25
abundance,elastic_net,log_loss,0.311122903512832,0.2510693797394459,0.32285345017794304,25
abundance,elastic_net,calibration_intercept,-0.40553048883251236,-0.5119275809859645,-0.15549728586211953,25
abundance,elastic_net,calibration_slope,3.5298050202009468,2.3331126243014264,3.6140097698660463,25
abundance,linear_svm,roc_auc,0.9795918367346939,0.9719954648526077,0.9936507936507937,25
abundance,linear_svm,balanced_accuracy,0.9642857142857142,0.9404761904761905,0.969047619047619,25
abundance,linear_svm,sensitivity,0.9761904761904762,0.9523809523809523,1.0,25
abundance,linear_svm,specificity,0.9285714285714286,0.9285714285714286,0.9523809523809523,25
abundance,linear_svm,brier_score,0.07545155900109879,0.06365585882778246,0.10569909961123865,25
abundance,linear_svm,log_loss,0.296779934269441,0.26140900159552355,0.38111147601821266,25
abundance,linear_svm,calibration_intercept,-0.3678990720372626,-0.7052002123002569,-0.15971073514236522,25
abundance,linear_svm,calibration_slope,3.549638551018409,2.7452454373846944,5.314634476852936,25
abundance_pca,logistic_baseline,roc_auc,0.9693877551020408,0.9413832199546485,0.9922902494331066,25
abundance_pca,logistic_baseline,balanced_accuracy,0.9404761904761905,0.9238095238095239,0.9642857142857142,25
abundance_pca,logistic_baseline,sensitivity,0.9523809523809523,0.9285714285714286,0.9761904761904762,25
abundance_pca,logistic_baseline,specificity,0.9285714285714286,0.8952380952380953,0.9523809523809523,25
abundance_pca,logistic_baseline,brier_score,0.04636147271676919,0.040453663353910235,0.08213674635590389,25
abundance_pca,logistic_baseline,log_loss,0.18803222518851478,0.15354524036284956,0.3585713370516217,25
abundance_pca,logistic_baseline,calibration_intercept,0.02384920929065246,-0.5088651497654911,0.21160172867048194,25
abundance_pca,logistic_baseline,calibration_slope,1.0398132095223274,0.6821301548419174,2.3251344793442925,25
combined,elastic_net,roc_auc,0.9739229024943311,0.9489795918367346,0.9824263038548753,25
combined,elastic_net,balanced_accuracy,0.9523809523809523,0.9285714285714286,0.969047619047619,25
combined,elastic_net,sensitivity,0.9761904761904762,0.9285714285714286,1.0,25
combined,elastic_net,specificity,0.9285714285714286,0.9285714285714286,0.9523809523809523,25
combined,elastic_net,brier_score,0.07015277550414153,0.05604880708119058,0.0787407280404242,25
combined,elastic_net,log_loss,0.2942230020337706,0.22467959319564507,0.31677572027511924,25
combined,elastic_net,calibration_intercept,-0.2683206820688191,-0.5316323172174056,-0.07811140407914138,25
combined,elastic_net,calibration_slope,2.6021823977208625,1.4354655782654882,3.3744682535586956,25
combined,linear_svm,roc_auc,0.9744897959183673,0.9616780045351473,0.9905895691609976,25
combined,linear_svm,balanced_accuracy,0.9523809523809523,0.9190476190476191,0.969047619047619,25
combined,linear_svm,sensitivity,0.9523809523809523,0.9333333333333333,1.0,25
combined,linear_svm,specificity,0.9285714285714286,0.9047619047619048,0.9523809523809523,25
combined,linear_svm,brier_score,0.07920072027740944,0.06648969312113363,0.1064473966813679,25
combined,linear_svm,log_loss,0.30874928995149975,0.25660522359903787,0.38173622359552806,25
combined,linear_svm,calibration_intercept,-0.31525299046737054,-0.6855097579416373,-0.032804220469793526,25
combined,linear_svm,calibration_slope,3.44671937571668,1.8518077468485057,4.774858907267043,25
coverage,logistic_baseline,roc_auc,0.8684807256235828,0.8571428571428571,0.8738095238095238,25
coverage,logistic_baseline,balanced_accuracy,0.7857142857142858,0.769047619047619,0.8095238095238095,25
coverage,logistic_baseline,sensitivity,0.8333333333333334,0.7619047619047619,0.8428571428571429,25
coverage,logistic_baseline,specificity,0.7619047619047619,0.7142857142857143,0.7857142857142857,25
coverage,logistic_baseline,brier_score,0.14399904865336619,0.14189051626217125,0.14832456130102373,25
coverage,logistic_baseline,log_loss,0.4523316417745337,0.44763557967438133,0.4677656245156548,25
coverage,logistic_baseline,calibration_intercept,-0.04274586785316146,-0.0560624445668714,-0.02241052630100335,25
coverage,logistic_baseline,calibration_slope,1.1739237523930028,1.0601641570062212,1.2098575841279724,25
detection,elastic_net,roc_auc,0.9535147392290249,0.9291383219954649,0.9648526077097506,25
detection,elastic_net,balanced_accuracy,0.9404761904761905,0.9238095238095239,0.9523809523809523,25
detection,elastic_net,sensitivity,0.9761904761904762,0.9428571428571428,0.9761904761904762,25
detection,elastic_net,specificity,0.9285714285714286,0.8809523809523809,0.9285714285714286,25
detection,elastic_net,brier_score,0.09248918972797414,0.07399646038728308,0.10050592037617512,25
detection,elastic_net,log_loss,0.34740318727948916,0.288797573742856,0.3695167395297944,25
detection,elastic_net,calibration_intercept,-0.2805562891372601,-0.4923325284499968,0.03027670144470756,25
detection,elastic_net,calibration_slope,2.7283516870342157,1.344441695017635,3.3653919352908477,25
detection,linear_svm,roc_auc,0.9600340136054423,0.9316326530612244,0.9746031746031746,25
detection,linear_svm,balanced_accuracy,0.9404761904761905,0.9166666666666667,0.9523809523809523,25
detection,linear_svm,sensitivity,0.9761904761904762,0.9285714285714286,0.9761904761904762,25
detection,linear_svm,specificity,0.9285714285714286,0.9047619047619048,0.9285714285714286,25
detection,linear_svm,brier_score,0.1246781142986883,0.095650800792657,0.14113249225497998,25
detection,linear_svm,log_loss,0.42331476936629286,0.34408632421536817,0.46792759143417645,25
detection,linear_svm,calibration_intercept,-0.3304395376176242,-0.6794060515034529,-0.02421859358902405,25
detection,linear_svm,calibration_slope,4.593366137298677,1.8629123814203772,6.011681615615956,25
intercept,null_baseline,roc_auc,0.5,0.5,0.5,25
intercept,null_baseline,balanced_accuracy,0.5,0.5,0.5,25
intercept,null_baseline,sensitivity,1.0,1.0,1.0,25
intercept,null_baseline,specificity,0.0,0.0,0.0,25
intercept,null_baseline,brier_score,0.25,0.25,0.25,25
intercept,null_baseline,log_loss,0.6931471805599454,0.6931471805599454,0.6931471805599454,25
intercept,null_baseline,calibration_intercept,0.0,0.0,0.0,25
intercept,null_baseline,calibration_slope,0.0,0.0,0.0,25
