repeat,view,model,roc_auc,balanced_accuracy,sensitivity,specificity,brier_score,log_loss,calibration_intercept,calibration_slope
0,abundance,elastic_net,0.9767573696145125,0.9642857142857142,0.9761904761904762,0.9523809523809523,0.07216965136873191,0.2980979485747924,-0.28504309075012174,2.99598430870085
0,abundance,linear_svm,0.977891156462585,0.9642857142857142,0.9761904761904762,0.9523809523809523,0.0742303436558203,0.2938508733366779,-0.2560718185216549,2.864447140224078
0,abundance_pca,logistic_baseline,0.973922902494331,0.9523809523809523,0.9523809523809523,0.9523809523809523,0.04676502129231906,0.18803222518851478,-0.0007365871714133942,1.1262954894965953
0,combined,elastic_net,0.9767573696145125,0.9523809523809523,0.9761904761904762,0.9285714285714286,0.06141737295940886,0.2547461388713228,-0.23462850142675534,2.112826532214421
0,combined,linear_svm,0.9824263038548753,0.9523809523809523,0.9761904761904762,0.9285714285714286,0.08081763310491274,0.30874928995149975,-0.4844649036109589,3.920552260383797
0,coverage,logistic_baseline,0.8667800453514739,0.7857142857142858,0.8333333333333334,0.7380952380952381,0.14463251860780071,0.4537782383937671,-0.03936972747580473,1.1568887460872077
0,detection,elastic_net,0.927437641723356,0.9285714285714286,0.9523809523809523,0.9047619047619048,0.09883263840058042,0.3636074976348337,-0.06211682431852967,1.9095528748414774
0,detection,linear_svm,0.9705215419501133,0.9404761904761905,0.9761904761904762,0.9047619047619048,0.13620106149466638,0.4555903745862084,-0.7216023639776598,5.927657486203058
0,intercept,null_baseline,0.5,0.5,1.0,0.0,0.25,0.6931471805599454,0.0,0.0
1,abundance,elastic_net,0.9852607709750566,0.9642857142857142,0.9761904761904762,0.9523809523809523,0.07639952278070321,0.3116551741740904,-0.4149849331285085,3.621270466947898
1,abundance,linear_svm,0.9931972789115646,0.9642857142857142,0.9761904761904762,0.9523809523809523,0.07437498519488965,0.29461510547095965,-0.6401015432314737,4.3042638573530585
1,abundance_pca,logistic_baseline,0.9512471655328798,0.9404761904761905,0.9523809523809523,0.9285714285714286,0.055836043248315446,0.23902253302030857,0.1094735351327719,0.9851692421842626
1,combined,elastic_net,0.973922902494331,0.9642857142857142,0.9761904761904762,0.9523809523809523,0.06578444171851097,0.27178505913857837,-0.2683206820688191,2.347769321201007
1,combined,linear_svm,0.9693877551020409,0.9404761904761905,0.9523809523809523,0.9285714285714286,0.07562340866770359,0.30222807107266797,-0.27641750085877,2.666883765314566
1,coverage,logistic_baseline,0.8690476190476191,0.7976190476190477,0.8571428571428571,0.7380952380952381,0.14537508651410208,0.4546736327315647,-0.048336336510714395,1.1621732650200367
1,detection,elastic_net,0.9569160997732425,0.9285714285714286,0.9523809523809523,0.9047619047619048,0.08976470763992651,0.3266250118688619,-0.12383901923956452,2.7283516870342157
1,detection,linear_svm,0.9603174603174602,0.9523809523809523,0.9761904761904762,0.9285714285714286,0.10484895659536826,0.3668033002440381,-0.29968497493379365,3.3615594245721043
1,intercept,null_baseline,0.5,0.5,1.0,0.0,0.25,0.6931471805599454,0.0,0.0
2,abundance,elastic_net,0.9824263038548753,0.9642857142857142,0.9761904761904762,0.9523809523809523,0.07661161611721895,0.3119754309906362,-0.3552673017921133,3.5192748357095054
2,abundance,linear_svm,0.9858276643990929,0.9642857142857142,0.9761904761904762,0.9523809523809523,0.06415615857356718,0.26341640619113416,-0.36835769649566463,3.24777718156964
2,abundance_pca,logistic_baseline,0.937641723356009,0.9523809523809523,0.9523809523809523,0.9523809523809523,0.048116300943366094,0.43440846774252995,0.1646513230937702,0.5344940942547115
2,combined,elastic_net,0.9750566893424036,0.9642857142857142,0.9761904761904762,0.9523809523809523,0.07552549291478897,0.3053016902835915,-0.2264764893159951,3.003476853862994
2,combined,linear_svm,0.9801587301587302,0.9404761904761905,0.9523809523809523,0.9285714285714286,0.09417968384925694,0.3441724601215324,-0.45018778425186307,4.024215580223195
2,coverage,logistic_baseline,0.8684807256235828,0.7738095238095238,0.8333333333333334,0.7142857142857143,0.14147331744757763,0.4469494116285019,-0.05066987448757182,1.2013454250346365
2,detection,elastic_net,0.953514739229025,0.9523809523809523,0.9761904761904762,0.9285714285714286,0.07038586447928767,0.28429639301642445,0.10586128667438188,0.9878997466943858
2,detection,linear_svm,0.9444444444444444,0.9523809523809523,0.9761904761904762,0.9285714285714286,0.0950712136053941,0.349037156058189,-0.10150693743273773,1.9047056844043637
2,intercept,null_baseline,0.5,0.5,1.0,0.0,0.25,0.6931471805599454,0.0,0.0
3,abundance,elastic_net,0.9812925170068026,0.9642857142857142,0.9761904761904762,0.9523809523809523,0.07866049640499406,0.3161531639735179,-0.37995116360339326,3.543407023252883
3,abundance,linear_svm,0.9824263038548753,0.9523809523809523,0.9761904761904762,0.9285714285714286,0.0801978243916173,0.30751595723790387,-0.12658986798238528,3.6831735061780724
3,abundance_pca,logistic_baseline,0.9586167800453514,0.9285714285714286,0.9523809523809523,0.9047619047619048,0.06816574356950171,0.2615167256573849,-0.18451547564192297,1.4639650790958647
3,combined,elastic_net,0.9790249433106576,0.9523809523809523,0.9761904761904762,0.9285714285714286,0.06724396664712225,0.2713862919033935,-0.3406309808274024,2.676187387486991
3,combined,linear_svm,0.9733560090702948,0.9285714285714286,0.9523809523809523,0.9047619047619048,0.0739468858674728,0.2845323074476321,-0.2952683160708293,2.552351389301942
3,coverage,logistic_baseline,0.8684807256235828,0.7619047619047619,0.7619047619047619,0.7619047619047619,0.1434730917010053,0.44874682260719695,-0.04678337840886151,1.1849248988494394
3,detection,elastic_net,0.9557823129251701,0.9285714285714286,0.9761904761904762,0.8809523809523809,0.09556801043809904,0.3558669318153362,-0.3804272443652621,2.773723842524251
3,detection,linear_svm,0.965702947845805,0.9404761904761905,0.9523809523809523,0.9285714285714286,0.13239749832847605,0.4439825983878057,-0.5561744851588196,5.830213336111613
3,intercept,null_baseline,0.5,0.5,1.0,0.0,0.25,0.6931471805599454,0.0,0.0
4,abundance,elastic_net,0.9824263038548753,0.9642857142857142,0.9761904761904762,0.9523809523809523,0.07645559141370946,0.31139564607419495,-0.36596618130284214,3.547789024995464
4,abundance,linear_svm,0.9807256235827664,0.9642857142857142,0.9761904761904762,0.9523809523809523,0.07088919974360781,0.2815237953150093,-0.3102144975496385,3.339275140812829
4,abundance_pca,logistic_baseline,0.9654195011337868,0.9285714285714286,0.9285714285714286,0.9285714285714286,0.05984663370068884,0.2300345076720037,-0.03203111010609262,1.176140375237228
4,combined,elastic_net,0.9472789115646257,0.9523809523809523,0.9761904761904762,0.9285714285714286,0.07015277550414153,0.2995899144786157,-0.08862433681988283,1.2433841461709785
4,combined,linear_svm,0.9756235827664399,0.9642857142857143,1.0,0.9285714285714286,0.07464661260890676,0.3012667232741328,-0.3054187824673758,2.8673090012053426
4,coverage,logistic_baseline,0.8701814058956916,0.8095238095238095,0.8333333333333334,0.7857142857142857,0.1427454214439345,0.4495949700617733,-0.044130322153836346,1.1958818524597588
4,detection,elastic_net,0.9421768707482993,0.9285714285714286,0.9285714285714286,0.9285714285714286,0.09587590156387758,0.3619035726461054,-0.11214390584167519,1.9427184315827724
4,detection,linear_svm,0.9597505668934241,0.9404761904761905,0.9523809523809523,0.9285714285714286,0.13511962429528548,0.45509959470096595,-0.13795288648460166,3.655289028007874
4,intercept,null_baseline,0.5,0.5,1.0,0.0,0.25,0.6931471805599454,0.0,0.0
5,abundance,elastic_net,0.9824263038548753,0.9642857142857142,0.9761904761904762,0.9523809523809523,0.07807648927949022,0.315288379480782,-0.43731336480779953,3.560402267977041
5,abundance,linear_svm,0.9795918367346939,0.9404761904761905,0.9523809523809523,0.9285714285714286,0.09000416527288524,0.32882160477108857,-0.42987353855397703,4.479923051124209
5,abundance_pca,logistic_baseline,0.9688208616780045,0.9404761904761905,0.9523809523809523,0.9285714285714286,0.06553187404444298,0.24011261890250998,-0.19240617930174958,1.3963915808813046
5,combined,elastic_net,0.9750566893424035,0.9642857142857142,0.9761904761904762,0.9523809523809523,0.07585323288444866,0.3122623151470367,-0.21650438800624924,2.4598247883524156
5,combined,linear_svm,0.967687074829932,0.9404761904761905,0.9523809523809523,0.9285714285714286,0.06819877393073194,0.26597584737798247,-0.16442893106038386,1.9536688426958997
5,coverage,logistic_baseline,0.8724489795918366,0.7738095238095238,0.8333333333333334,0.7142857142857143,0.14351067888398347,0.45084252133107405,-0.04274586785316146,1.1814178140825722
5,detection,elastic_net,0.949546485260771,0.9404761904761905,0.9523809523809523,0.9285714285714286,0.08354631011567022,0.3113479615226528,-0.17648657352897654,2.1911522582306153
5,detection,linear_svm,0.9226190476190477,0.9285714285714286,0.9523809523809523,0.9047619047619048,0.13218548092480842,0.4492906095714579,0.03933986552498805,2.2428954501631164
5,intercept,null_baseline,0.5,0.5,1.0,0.0,0.25,0.6931471805599454,0.0,0.0
6,abundance,elastic_net,0.9914965986394557,0.9642857142857142,0.9761904761904762,0.9523809523809523,0.05458496832856734,0.227989305525918,-0.43823996302384227,3.042006229974033
6,abundance,linear_svm,0.9824263038548753,0.9404761904761905,0.9523809523809523,0.9285714285714286,0.1163873403957276,0.41039486429913824,-0.43524941826046865,5.56567919052361
6,abundance_pca,logistic_baseline,0.9654195011337867,0.9404761904761905,0.9523809523809523,0.9285714285714286,0.048735566305131046,0.19925738073135144,0.09344426016373386,0.977210469132403
6,combined,elastic_net,0.9801587301587302,0.9285714285714286,0.9285714285714286,0.9285714285714286,0.06936763499660407,0.2742944234271986,-0.06234200496802912,2.880724441545293
6,combined,linear_svm,0.9733560090702947,0.9523809523809523,0.9761904761904762,0.9285714285714286,0.10180431536062287,0.37359214904507043,-0.32541590521406216,4.137319127217397
6,coverage,logistic_baseline,0.8662131519274376,0.7976190476190477,0.8333333333333334,0.7619047619047619,0.1444856732583873,0.454222999824914,-0.03205353127092033,1.1525603885947129
6,detection,elastic_net,0.9342403628117915,0.9404761904761905,0.9523809523809523,0.9285714285714286,0.09837771530228297,0.36285833169006654,-0.020113022041741695,2.1091677274427503
6,detection,linear_svm,0.9569160997732427,0.9404761904761905,0.9523809523809523,0.9285714285714286,0.1087431602643275,0.37872467770425927,-0.07579461190057746,3.178423337155002
6,intercept,null_baseline,0.5,0.5,1.0,0.0,0.25,0.6931471805599454,0.0,0.0
7,abundance,elastic_net,0.9801587301587301,0.9642857142857142,0.9761904761904762,0.9523809523809523,0.07703943200250311,0.31307296701829646,-0.4704104250906827,3.555580784258678
7,abundance,linear_svm,0.9846938775510203,0.9642857142857142,0.9761904761904762,0.9523809523809523,0.06813694236216296,0.2758416043237841,-0.41462990177378034,3.220317560237211
7,abundance_pca,logistic_baseline,0.9897959183673469,0.9523809523809523,0.9523809523809523,0.9523809523809523,0.04636147271676919,0.17403076196411732,-0.5404412411968895,2.6122239581743916
7,combined,elastic_net,0.977891156462585,0.9761904761904762,1.0,0.9523809523809523,0.0695578888611704,0.28217825781262346,-0.6152974386384548,3.2942460344109885
7,combined,linear_svm,0.985827664399093,0.9523809523809523,0.9761904761904762,0.9285714285714286,0.09141110881105935,0.34457731553508575,-0.5945135161710636,4.846303648598056
7,coverage,logistic_baseline,0.8639455782312926,0.7857142857142858,0.8333333333333334,0.7380952380952381,0.14600569006805872,0.4591391717516566,-0.03944065242976505,1.1396612886080257
7,detection,elastic_net,0.9586167800453514,0.9523809523809523,0.9761904761904762,0.9285714285714286,0.08501852629846722,0.3205540899702,-0.3914396181878369,3.055037716609969
7,detection,linear_svm,0.9631519274376418,0.9523809523809523,0.9761904761904762,0.9285714285714286,0.1246781142986883,0.42038325154715056,-0.4766687704735598,5.646290030290048
7,intercept,null_baseline,0.5,0.5,1.0,0.0,0.25,0.6931471805599454,0.0,0.0
8,abundance,elastic_net,0.9869614512471655,0.9642857142857142,0.9761904761904762,0.9523809523809523,0.06596905940526342,0.26975069428105963,-0.455620383319558,3.337098434039049
8,abundance,linear_svm,0.9756235827664399,0.9523809523809523,0.9761904761904762,0.9285714285714286,0.09286522903897228,0.3451179507423303,-0.21792036307017768,3.405358348221411
8,abundance_pca,logistic_baseline,0.9761904761904763,0.9404761904761905,0.9523809523809523,0.9285714285714286,0.051489587662210665,0.197050262434782,-0.150006195154981,1.3200985825421563
8,combined,elastic_net,0.9733560090702947,0.9404761904761905,0.9523809523809523,0.9285714285714286,0.06300902768463017,0.24570653562219866,-0.21790953338889762,2.2620287506752272
8,combined,linear_svm,0.971655328798186,0.9523809523809523,0.9523809523809523,0.9523809523809523,0.07792717955087058,0.3072375195471493,-0.31525299046737054,3.080461520904792
8,coverage,logistic_baseline,0.8724489795918368,0.8095238095238095,0.8333333333333334,0.7857142857142857,0.1434543659127444,0.44936731546722475,-0.05082751613724431,1.2020369566410711
8,detection,elastic_net,0.963718820861678,0.9523809523809523,0.9761904761904762,0.9285714285714286,0.09527896636691761,0.3576306998532731,-0.42157512389389656,3.342660687314875
8,detection,linear_svm,0.9503968253968255,0.9523809523809523,0.9761904761904762,0.9285714285714286,0.12830736360403164,0.42669809340461096,-0.15911155875019278,4.730020502579442
8,intercept,null_baseline,0.5,0.5,1.0,0.0,0.25,0.6931471805599454,0.0,0.0
9,abundance,elastic_net,0.9829931972789115,0.9642857142857142,0.9761904761904762,0.9523809523809523,0.07720957559253698,0.3129548715184705,-0.3544282754362499,3.5495273351791687
9,abundance,linear_svm,0.9744897959183674,0.9523809523809523,0.9761904761904762,0.9285714285714286,0.09504581811768091,0.35055108745254315,-0.18179131324901837,3.6552514904960156
9,abundance_pca,logistic_baseline,0.9654195011337867,0.9404761904761905,0.9523809523809523,0.9285714285714286,0.04930210442751181,0.19711541408309316,0.07112201645775579,0.968332535618192
9,combined,elastic_net,0.9824263038548753,0.9285714285714286,0.9285714285714286,0.9285714285714286,0.07062437132323919,0.2750800710398217,-0.35096304173220527,3.118606884701137
9,combined,linear_svm,0.9705215419501134,0.9285714285714286,0.9523809523809523,0.9047619047619048,0.10551177194411251,0.37735585526955145,-0.2278459010296162,3.111848502673834
9,coverage,logistic_baseline,0.8537414965986394,0.7976190476190477,0.8333333333333334,0.7619047619047619,0.14926116814383614,0.46780596000365143,-0.02237988260113834,1.0539342245507435
9,detection,elastic_net,0.9384920634920634,0.9166666666666666,0.9523809523809523,0.8809523809523809,0.10079986352491088,0.3688868109750778,-0.2805562891372601,2.5377800007642053
9,detection,linear_svm,0.9512471655328798,0.9166666666666667,0.9285714285714286,0.9047619047619048,0.10354449508900751,0.35926976475677663,-0.2536859831643884,2.4327572724244684
9,intercept,null_baseline,0.5,0.5,1.0,0.0,0.25,0.6931471805599454,0.0,0.0
10,abundance,elastic_net,0.9852607709750567,0.9642857142857142,0.9761904761904762,0.9523809523809523,0.0670817887095559,0.27205361403366546,-0.40553048883251236,3.3885331791896895
10,abundance,linear_svm,0.9812925170068028,0.9642857142857142,0.9761904761904762,0.9523809523809523,0.06754423524085429,0.28218917793510445,-0.27996700285664466,3.1876046585363147
10,abundance_pca,logistic_baseline,0.959750566893424,0.9642857142857142,0.9761904761904762,0.9523809523809523,0.04158493282711322,0.19049111361479173,0.20287578235450218,0.8399534496131194
10,combined,elastic_net,0.9744897959183674,0.9523809523809523,0.9761904761904762,0.9285714285714286,0.06867810553219969,0.3121645974435832,-0.14366822387330744,1.8094800856537303
10,combined,linear_svm,0.9710884353741497,0.9404761904761905,0.9761904761904762,0.9047619047619048,0.0699331936166369,0.27576866677977363,-0.21381463995266395,2.0157036902410495
10,coverage,logistic_baseline,0.8713151927437642,0.7976190476190477,0.8333333333333334,0.7619047619047619,0.14325317929029452,0.45162251038593,-0.04129794633553358,1.1727569251203067
10,detection,elastic_net,0.9569160997732427,0.9523809523809523,0.9761904761904762,0.9285714285714286,0.09007207602284277,0.34101921920688866,-0.34912050833345776,3.1695970558780577
10,detection,linear_svm,0.9540816326530612,0.9404761904761905,0.9523809523809523,0.9285714285714286,0.13269854571078818,0.44696706192516394,-0.2903963500522588,4.593366137298677
10,intercept,null_baseline,0.5,0.5,1.0,0.0,0.25,0.6931471805599454,0.0,0.0
11,abundance,elastic_net,0.981859410430839,0.9642857142857142,0.9761904761904762,0.9523809523809523,0.0779944665493671,0.31517057294610645,-0.41867014324640806,3.5298050202009468
11,abundance,linear_svm,0.9790249433106576,0.9404761904761905,0.9523809523809523,0.9285714285714286,0.09857360575491272,0.36158921716426234,-0.4136861504508023,4.2542106505396315
11,abundance_pca,logistic_baseline,0.9693877551020408,0.9404761904761905,0.9285714285714286,0.9523809523809523,0.08929554079677592,0.30801324992434986,-0.07063138720089812,1.6333352486898456
11,combined,elastic_net,0.9739229024943311,0.9523809523809523,0.9523809523809523,0.9523809523809523,0.07727061883066359,0.30947456213678914,-0.33762318394259916,2.885247797765992
11,combined,linear_svm,0.9682539682539683,0.9404761904761905,0.9523809523809523,0.9285714285714286,0.07498951136422081,0.2883643800568689,-0.31366011089633905,2.531871468523558
11,coverage,logistic_baseline,0.8650793650793651,0.7976190476190477,0.8333333333333334,0.7619047619047619,0.14446712699697054,0.4523316417745337,-0.05492171450619393,1.1739237523930028
11,detection,elastic_net,0.9461451247165532,0.9404761904761905,0.9761904761904762,0.9047619047619048,0.08953100100465704,0.34559387611000947,-0.18415530353796616,1.5821363272331344
11,detection,linear_svm,0.9597505668934241,0.9404761904761905,0.9761904761904762,0.9047619047619048,0.13747862463018223,0.4596663437920824,-0.4582272373219341,5.206657323780432
11,intercept,null_baseline,0.5,0.5,1.0,0.0,0.25,0.6931471805599454,0.0,0.0
12,abundance,elastic_net,0.9812925170068026,0.9642857142857142,0.9761904761904762,0.9523809523809523,0.07865743219153229,0.31682907501653884,-0.41145329993264845,3.5070919465768893
12,abundance,linear_svm,0.9716553287981858,0.9642857142857143,1.0,0.9285714285714286,0.09201626145567711,0.33662332332284906,-0.2817964731459316,3.8875719148393117
12,abundance_pca,logistic_baseline,0.9608843537414966,0.9404761904761905,0.9523809523809523,0.9285714285714286,0.04582944234663146,0.18536224863265854,0.02384920929065246,0.9932019774079355
12,combined,elastic_net,0.9756235827664399,0.9642857142857143,1.0,0.9285714285714286,0.07821910153954466,0.3154514508873246,-0.4758555696033728,3.370012178835667
12,combined,linear_svm,0.9926303854875282,0.9642857142857142,0.9761904761904762,0.9523809523809523,0.06979154847973412,0.278817817055629,-0.2706754526924104,4.164275063038745
12,coverage,logistic_baseline,0.8639455782312925,0.7857142857142858,0.8333333333333334,0.7380952380952381,0.1460151539739786,0.4622208095558288,-0.03365559226772908,1.0888999581488592
12,detection,elastic_net,0.9535147392290249,0.9523809523809523,0.9761904761904762,0.9285714285714286,0.09709872353129324,0.3627006914343611,-0.3725505387104797,3.263853239152521
12,detection,linear_svm,0.9699546485260772,0.9523809523809523,0.9761904761904762,0.9285714285714286,0.12009880021901706,0.41633126072523946,-0.6512751765206483,5.70987154167023
12,intercept,null_baseline,0.5,0.5,1.0,0.0,0.25,0.6931471805599454,0.0,0.0
13,abundance,elastic_net,0.9829931972789115,0.9642857142857142,0.9761904761904762,0.9523809523809523,0.07171196810476374,0.29848097997924605,-0.2737457941520162,3.4202437943855672
13,abundance,linear_svm,0.9892290249433106,0.9642857142857142,0.9761904761904762,0.9523809523809523,0.08646196301592977,0.3294006351978804,-0.4521674646559078,5.147271334405821
13,abundance_pca,logistic_baseline,0.9438775510204082,0.9404761904761905,0.9523809523809523,0.9285714285714286,0.05046069172612213,0.26743821897838665,0.17992595160801525,0.780554195233388
13,combined,elastic_net,0.9767573696145125,0.9523809523809523,0.9761904761904762,0.9285714285714286,0.04799595826386316,0.19313917955581467,-0.3704270709655252,1.8851026448929136
13,combined,linear_svm,0.967687074829932,0.9404761904761905,0.9523809523809523,0.9285714285714286,0.09970645340091704,0.36302520873772604,-0.33874404354856896,3.827142416243475
13,coverage,logistic_baseline,0.8673469387755103,0.7738095238095237,0.7619047619047619,0.7857142857142857,0.14399904865336619,0.45302443496286365,-0.03540101172398577,1.1787684873397264
13,detection,elastic_net,0.9603174603174603,0.9404761904761905,0.9523809523809523,0.9285714285714286,0.07640352432594669,0.29179836089381034,-0.03662431720985536,2.114992018791677
13,detection,linear_svm,0.9727891156462586,0.9404761904761905,0.9523809523809523,0.9285714285714286,0.10408974227524763,0.36860916865246474,-0.3304395376176242,4.045124273687124
13,intercept,null_baseline,0.5,0.5,1.0,0.0,0.25,0.6931471805599454,0.0,0.0
14,abundance,elastic_net,0.985827664399093,0.9642857142857142,0.9761904761904762,0.9523809523809523,0.06757308666390086,0.2724183147707136,-0.4165159014476505,3.3689483845764245
14,abundance,linear_svm,0.9778911564625851,0.9523809523809523,0.9761904761904762,0.9285714285714286,0.07965127765379425,0.3045070069023297,-0.301886692667393,3.1974496219251463
14,abundance_pca,logistic_baseline,0.9733560090702948,0.9523809523809523,0.9523809523809523,0.9523809523809523,0.04356826565415724,0.1722721005943457,0.07685866042544948,0.9956401437958119
14,combined,elastic_net,0.9659863945578231,0.9523809523809523,0.9761904761904762,0.9285714285714286,0.07515011022457561,0.29728472655697424,-0.2785803377543549,2.6021823977208625
14,combined,linear_svm,0.9586167800453514,0.9047619047619048,0.9047619047619048,0.9047619047619048,0.08524838400942676,0.3101133206608335,0.04796563696049361,2.2773752304182
14,coverage,logistic_baseline,0.8701814058956916,0.7857142857142858,0.8333333333333334,0.7380952380952381,0.1432151061882115,0.4493594372065012,-0.04335660157909244,1.1834321386013626
14,detection,elastic_net,0.9563492063492064,0.9523809523809523,0.9761904761904762,0.9285714285714286,0.0925666468353861,0.34685963552342497,-0.5032457097180976,3.211119988292802
14,detection,linear_svm,0.9773242630385487,0.9523809523809523,0.9761904761904762,0.9285714285714286,0.10852793332221015,0.37450674088559316,-0.48049172733720985,5.470950015852997
14,intercept,null_baseline,0.5,0.5,1.0,0.0,0.25,0.6931471805599454,0.0,0.0
15,abundance,elastic_net,0.9835600907029478,0.9642857142857142,0.9761904761904762,0.9523809523809523,0.07563212403166768,0.30957534810809567,-0.3708784007152601,3.5814591391282145
15,abundance,linear_svm,0.973922902494331,0.9642857142857142,0.9761904761904762,0.9523809523809523,0.0865325142310751,0.3294977022981305,-0.2903673335776274,3.549638551018409
15,abundance_pca,logistic_baseline,0.9739229024943311,0.9523809523809523,0.9523809523809523,0.9523809523809523,0.04182487512354729,0.16953247135084046,0.2246906481444516,0.9985275574364457
15,combined,elastic_net,0.9824263038548753,0.9404761904761905,0.9523809523809523,0.9285714285714286,0.0740190332078907,0.30109197620007866,-0.4459369450733528,3.381152365643238
15,combined,linear_svm,0.9846938775510203,0.9642857142857142,0.9761904761904762,0.9523809523809523,0.08586519491047967,0.33210897229157677,-0.4392757020501952,4.270575667537484
15,coverage,logistic_baseline,0.8679138321995464,0.7976190476190477,0.8333333333333334,0.7619047619047619,0.14552282648312798,0.4548135052659427,-0.022430955434246693,1.1456890384423428
15,detection,elastic_net,0.9302721088435375,0.9285714285714286,0.9523809523809523,0.9047619047619048,0.09183573794835719,0.34469128530239274,-0.23669956369770703,1.9330706275500331
15,detection,linear_svm,0.9450113378684808,0.9166666666666667,0.9285714285714286,0.9047619047619048,0.12617872885573117,0.42331476936629286,-0.34470989292167986,4.420084937704596
15,intercept,null_baseline,0.5,0.5,1.0,0.0,0.25,0.6931471805599454,0.0,0.0
16,abundance,elastic_net,0.9841269841269841,0.9642857142857142,0.9761904761904762,0.9523809523809523,0.07606482540242006,0.31123504297343707,-0.43649171221861693,3.6091693051448117
16,abundance,linear_svm,0.9722222222222222,0.9642857142857142,0.9761904761904762,0.9523809523809523,0.07443481958888869,0.296779934269441,-0.29831048155353435,2.988813680521971
16,abundance_pca,logistic_baseline,0.9920634920634921,0.9404761904761905,0.9523809523809523,0.9285714285714286,0.039963412689144336,0.1500857532905688,-0.4828873484020747,2.0741489801521573
16,combined,elastic_net,0.9778911564625851,0.9642857142857142,0.9761904761904762,0.9523809523809523,0.0718411642473719,0.2942230020337706,-0.39887949839845366,3.142783424869224
16,combined,linear_svm,0.9773242630385487,0.9761904761904762,1.0,0.9523809523809523,0.0737838386644962,0.30364946760771266,-0.6170339850289458,3.329312060356696
16,coverage,logistic_baseline,0.8650793650793651,0.7738095238095238,0.8333333333333334,0.7142857142857143,0.1452092004169706,0.4556575653012611,-0.04592639621015142,1.12200244169353
16,detection,elastic_net,0.9529478458049886,0.9523809523809523,0.9761904761904762,0.9285714285714286,0.09632445654630165,0.361131609836222,-0.4089841172135141,3.331397121120277
16,detection,linear_svm,0.9413265306122449,0.9404761904761905,0.9523809523809523,0.9285714285714286,0.1295150450374324,0.431451116498205,-0.32909769460343796,4.680516249168196
16,intercept,null_baseline,0.5,0.5,1.0,0.0,0.25,0.6931471805599454,0.0,0.0
17,abundance,elastic_net,0.9852607709750567,0.9642857142857142,0.9761904761904762,0.9523809523809523,0.06502782835238567,0.268166878506994,-0.22589967504468073,3.2924714958489747
17,abundance,linear_svm,0.9795918367346939,0.9642857142857142,0.9761904761904762,0.9523809523809523,0.07516173956308889,0.29289439394755,-0.359627861269245,3.4779480577810804
17,abundance_pca,logistic_baseline,0.9710884353741496,0.9523809523809523,0.9523809523809523,0.9523809523809523,0.04226669955060785,0.17662322053729923,0.12133689161322762,0.9587182877635652
17,combined,elastic_net,0.9631519274376417,0.9523809523809523,0.9523809523809523,0.9523809523809523,0.07715896316400288,0.3073318209247706,-0.1979722270891064,2.7352978654033997
17,combined,linear_svm,0.9784580498866213,0.9523809523809523,0.9523809523809523,0.9523809523809523,0.07883321911792225,0.3006059198514795,-0.18200280567050328,3.502252173446584
17,coverage,logistic_baseline,0.8741496598639455,0.8095238095238095,0.8333333333333334,0.7857142857142857,0.14268820251774866,0.4499009596291845,-0.035558725501432346,1.183143621478363
17,detection,elastic_net,0.9393424036281179,0.9285714285714286,0.9761904761904762,0.8809523809523809,0.10030995827701794,0.36804986475468965,-0.48505707427126293,2.7692564826749217
17,detection,linear_svm,0.9560657596371882,0.9523809523809523,0.9761904761904762,0.9285714285714286,0.12760401708028637,0.42423860981096745,-0.4004040307049532,5.215348518466261
17,intercept,null_baseline,0.5,0.5,1.0,0.0,0.25,0.6931471805599454,0.0,0.0
18,abundance,elastic_net,0.9818594104308389,0.9761904761904762,1.0,0.9523809523809523,0.06615834833190519,0.26645609588179775,-0.5742033148288872,3.3822797312079365
18,abundance,linear_svm,0.9903628117913832,0.9642857142857143,1.0,0.9285714285714286,0.07514057999623194,0.2957695536262648,-0.6352408317287178,4.534162194428234
18,abundance_pca,logistic_baseline,0.9580498866213152,0.9523809523809523,0.9761904761904762,0.9285714285714286,0.04332947315142085,0.17937016428582028,-0.01441161899939811,0.9951818170858663
18,combined,elastic_net,0.9693877551020409,0.9523809523809523,0.9761904761904762,0.9285714285714286,0.07952316779174351,0.3187621243568112,-0.4141860936217571,3.258873284835467
18,combined,linear_svm,0.9744897959183673,0.9642857142857142,0.9761904761904762,0.9523809523809523,0.08749542020178462,0.3298256474571496,-0.26968223717560574,3.44671937571668
18,coverage,logistic_baseline,0.8594104308390023,0.7738095238095237,0.7619047619047619,0.7857142857142857,0.1477001567391488,0.4677387341903237,-0.027968005474375165,1.0643174453098732
18,detection,elastic_net,0.9518140589569162,0.9523809523809523,0.9761904761904762,0.9285714285714286,0.09856994895890502,0.3704616323618693,-0.2236502069316098,2.462227245644171
18,detection,linear_svm,0.937641723356009,0.9404761904761905,0.9761904761904762,0.9047619047619048,0.12099454891714992,0.4356198659215627,-0.1825190381156087,1.8002224269443972
18,intercept,null_baseline,0.5,0.5,1.0,0.0,0.25,0.6931471805599454,0.0,0.0
19,abundance,elastic_net,0.9761904761904762,0.9642857142857142,0.9761904761904762,0.9523809523809523,0.06117489855754488,0.3318900129200494,-0.04989370208827713,1.338805097702291
19,abundance,linear_svm,0.9852607709750567,0.9523809523809523,0.9761904761904762,0.9285714285714286,0.0962656302968853,0.35657107124222315,-0.3893933108616967,4.899352411522651
19,abundance_pca,logistic_baseline,0.9710884353741496,0.9523809523809523,0.9523809523809523,0.9523809523809523,0.045426079432184706,0.18152526834352972,0.13349472234080678,0.9870570549225295
19,combined,elastic_net,0.9727891156462585,0.9404761904761905,0.9523809523809523,0.9285714285714286,0.07501950498746275,0.30402370304160325,-0.2967840239129581,2.916466934292192
19,combined,linear_svm,0.9778911564625851,0.9642857142857143,1.0,0.9285714285714286,0.10028029252010884,0.36925862757781547,-0.5241062474842825,4.692145547656181
19,coverage,logistic_baseline,0.873015873015873,0.8095238095238095,0.8333333333333334,0.7857142857142857,0.1427403293723962,0.44962497173206145,-0.0577735396578876,1.2035553159463168
19,detection,elastic_net,0.9427437641723355,0.9523809523809523,0.9761904761904762,0.9285714285714286,0.09248918972797414,0.34740318727948916,-0.38720956383733557,2.9247007255802444
19,detection,linear_svm,0.9631519274376417,0.9523809523809523,0.9761904761904762,0.9285714285714286,0.09755338170308285,0.34476396984275914,-0.35342413496417846,3.848444937250609
19,intercept,null_baseline,0.5,0.5,1.0,0.0,0.25,0.6931471805599454,0.0,0.0
20,abundance,elastic_net,0.9807256235827664,0.9642857142857142,0.9761904761904762,0.9523809523809523,0.07621657654204513,0.3109654338789294,-0.4579180877617694,3.5316427498410006
20,abundance,linear_svm,0.9943310657596371,0.9642857142857142,0.9761904761904762,0.9523809523809523,0.07545155900109879,0.29675878544828166,-0.8028482159034316,4.932435095671382
20,abundance_pca,logistic_baseline,0.9926303854875284,0.9285714285714286,0.9285714285714286,0.9285714285714286,0.04078049713042083,0.1558515650777034,-0.4878144221445589,2.133741493457561
20,combined,elastic_net,0.9659863945578231,0.9642857142857143,1.0,0.9285714285714286,0.06885184610740268,0.2783593746766514,-0.23716797022558117,2.472287020351758
20,combined,linear_svm,0.9892290249433106,0.9642857142857143,1.0,0.9285714285714286,0.07718957307031475,0.29825707409479996,-0.7882234173106746,4.727229079713034
20,coverage,logistic_baseline,0.8713151927437642,0.7738095238095237,0.7619047619047619,0.7857142857142857,0.14336452522069856,0.4503416329362644,-0.0533562803492287,1.1849054271285135
20,detection,elastic_net,0.953514739229025,0.9523809523809523,0.9761904761904762,0.9285714285714286,0.07921754941226128,0.2992830012515785,-0.202024590301823,2.155907672904748
20,detection,linear_svm,0.9648526077097505,0.9523809523809523,0.9761904761904762,0.9285714285714286,0.12384129580364409,0.41850075322724484,-0.49665833911729973,5.804853228672457
20,intercept,null_baseline,0.5,0.5,1.0,0.0,0.25,0.6931471805599454,0.0,0.0
21,abundance,elastic_net,0.9846938775510204,0.9642857142857142,0.9761904761904762,0.9523809523809523,0.07568547244961195,0.30937010951589194,-0.4031406567498464,3.5882447702280484
21,abundance,linear_svm,0.9767573696145124,0.9523809523809523,0.9761904761904762,0.9285714285714286,0.08687001124175193,0.32020199223130263,-0.2066849121875201,3.7193633244785356
21,abundance_pca,logistic_baseline,0.9790249433106576,0.9523809523809523,0.9523809523809523,0.9523809523809523,0.043252449800756,0.16949848937591427,0.16526927453115153,1.0804341693152804
21,combined,elastic_net,0.9501133786848073,0.9523809523809523,0.9761904761904762,0.9285714285714286,0.06839153431219178,0.2560083341742004,-0.09580633541735845,1.5635198663284946
21,combined,linear_svm,0.9750566893424035,0.9523809523809523,0.9523809523809523,0.9523809523809523,0.107850833787251,0.388306776084493,-0.3339546257349521,4.650377864905862
21,coverage,logistic_baseline,0.8718820861678005,0.7857142857142858,0.8333333333333334,0.7380952380952381,0.14216864880523367,0.448093025038301,-0.04889303358599706,1.2116614898953955
21,detection,elastic_net,0.9665532879818595,0.9404761904761905,0.9761904761904762,0.9047619047619048,0.08070549047464885,0.3130379488365452,-0.3383032171359293,2.9766585237556717
21,detection,linear_svm,0.9617346938775511,0.9404761904761905,0.9523809523809523,0.9285714285714286,0.13312072883468046,0.4511653864636093,-0.17570974871539488,3.5359593513391285
21,intercept,null_baseline,0.5,0.5,1.0,0.0,0.25,0.6931471805599454,0.0,0.0
22,abundance,elastic_net,0.9824263038548753,0.9642857142857142,0.9761904761904762,0.9523809523809523,0.07783196883186375,0.3148659111724542,-0.42623611821585133,3.542946341003548
22,abundance,linear_svm,0.9778911564625851,0.9523809523809523,0.9761904761904762,0.9285714285714286,0.06290540920910538,0.25839789470210767,-0.3678990720372626,2.5664428831256196
22,abundance_pca,logistic_baseline,0.969954648526077,0.9166666666666666,0.9523809523809523,0.8809523809523809,0.07736421672865589,0.26902560634867445,-0.004881941048384255,1.2583339288072424
22,combined,elastic_net,0.9642857142857143,0.9404761904761905,0.9523809523809523,0.9285714285714286,0.07735577365916525,0.3026657802921053,-0.2521349451061517,2.5327221629121532
22,combined,linear_svm,0.9637188208616779,0.9523809523809523,0.9523809523809523,0.9523809523809523,0.06392607190673616,0.24254928793062097,-0.08665079208998462,1.6990161030774147
22,coverage,logistic_baseline,0.8735827664399093,0.7738095238095237,0.7619047619047619,0.7857142857142857,0.1425535188695131,0.4488031042275728,-0.04696846351169684,1.2086549802830235
22,detection,elastic_net,0.9444444444444444,0.9404761904761905,0.9523809523809523,0.9285714285714286,0.09083033917735639,0.3664672055199218,-0.14088310728441253,1.9514833837796304
22,detection,linear_svm,0.9710884353741497,0.9285714285714286,0.9285714285714286,0.9285714285714286,0.11755447688023474,0.4017570848413102,-0.5107377452189161,5.4521751110657
22,intercept,null_baseline,0.5,0.5,1.0,0.0,0.25,0.6931471805599454,0.0,0.0
23,abundance,elastic_net,0.9858276643990929,0.9642857142857142,0.9761904761904762,0.9523809523809523,0.07634924285256246,0.311122903512832,-0.3651414328421386,3.57881218250799
23,abundance,linear_svm,0.9773242630385487,0.9761904761904762,1.0,0.9523809523809523,0.06435527255451354,0.27210352018471323,-0.46078594153574226,3.027612163802259
23,abundance_pca,logistic_baseline,0.9688208616780045,0.9642857142857142,0.9761904761904762,0.9523809523809523,0.04268894472318642,0.1688592710925396,-0.016417761373973366,1.0828467178383592
23,combined,elastic_net,0.971655328798186,0.9404761904761905,0.9523809523809523,0.9285714285714286,0.06770108248087164,0.26371500287545585,-0.2333012626689275,2.301484283906275
23,combined,linear_svm,0.9642857142857143,0.9404761904761905,0.9761904761904762,0.9047619047619048,0.07920072027740944,0.3090036256448722,-0.46459732223863154,3.029878572313005
23,coverage,logistic_baseline,0.8696145124716553,0.7976190476190477,0.8333333333333334,0.7619047619047619,0.14440046220539654,0.4599059583978655,-0.030058070147018785,1.1201846747539868
23,detection,elastic_net,0.9608843537414966,0.9404761904761905,0.9761904761904762,0.9047619047619048,0.08833605019261888,0.3265988578977784,-0.39525503771207565,3.0755022268504173
23,detection,linear_svm,0.9710884353741496,0.9285714285714286,0.9285714285714286,0.9285714285714286,0.09603719225083227,0.3430698557742817,-0.06659089966503186,3.7147408912343174
23,intercept,null_baseline,0.5,0.5,1.0,0.0,0.25,0.6931471805599454,0.0,0.0
24,abundance,elastic_net,0.981859410430839,0.9642857142857142,0.9761904761904762,0.9523809523809523,0.07537064579224427,0.3048013273867654,-0.2656825686193303,3.190237761854385
24,abundance,linear_svm,0.9795918367346939,0.9523809523809523,0.9761904761904762,0.9285714285714286,0.06978993634701718,0.2782223356151031,-0.46304268574450674,3.012808021340228
24,abundance_pca,logistic_baseline,0.9790249433106576,0.9404761904761905,0.9761904761904762,0.9047619047619048,0.04534520232570464,0.17837264974427863,0.03824858547657587,1.0398132095223274
24,combined,elastic_net,0.9705215419501133,0.9642857142857142,0.9761904761904762,0.9523809523809523,0.06819706551467866,0.26473348325586055,-0.3004028450257079,2.463753455512453
24,combined,linear_svm,0.9880952380952381,0.9404761904761905,0.9523809523809523,0.9285714285714286,0.09601114511228083,0.3473221531066112,-0.5469621527327173,4.641836040692372
24,coverage,logistic_baseline,0.8616780045351474,0.7976190476190477,0.8333333333333334,0.7619047619047619,0.1461720470638801,0.4611744417428004,-0.02626687788413459,1.1166967293740873
24,detection,elastic_net,0.9557823129251701,0.9523809523809523,0.9761904761904762,0.9285714285714286,0.0973785422765373,0.3630828556373799,-0.40301620462715704,3.3994888072548064
24,detection,linear_svm,0.9600340136054423,0.9523809523809523,0.9761904761904762,0.9285714285714286,0.14661329369217663,0.48031946289731764,-0.43228737329387906,6.137717809735303
24,intercept,null_baseline,0.5,0.5,1.0,0.0,0.25,0.6931471805599454,0.0,0.0
