claim_id,claim,evidence_file,evidence_locator,evidence_state,limitation_ids,allowed_scope
C01,The source contains 42 complete tumour/matched-non-tumour patient pairs.,data/interim/sample_manifest.csv,"patient_id,tissue_code",verified_source,L05;L06;L10,paired tissue design only
C02,Phase 1 retained all 42 pairs for primary analysis and identified 7 patient pairs for a whole-pair sensitivity cohort; its label-blind PCA used 3759 eligible variable features.,results/01_qc_missingness/01_validation.json,"primary_pairs,flagged_patient_pairs,pca_variable_features",derived_from_matrix,L01;L02;L03;L04;L06;L07,internal QC and sensitivity design
C03,Phase 3 identified 614 internal paired-abundance candidates and 1827 internal detection-pattern candidates under its frozen no-imputation primary rules.,results/03_paired_inference/03_validation.json,primary.tier_counts,derived_from_matrix,L01;L02;L03;L04;L07;L08;L09,internal tissue-associated inference
C04,Phase 4 found 271 Reactome v86 pathways supported by both ranked enrichment and patient-level paired scoring.,results/04_pathways_heterogeneity/04_validation.json,"pathways_supported_both_views,reactome_release",derived_from_matrix,L01;L02;L04;L08;L09;L10,internal pathway interpretation
C05,Phase 4 did not accept a stable patient cluster and therefore does not claim molecular or clinical subtypes.,results/04_pathways_heterogeneity/04_validation.json,accepted_cluster_k,derived_from_matrix,L05;L06;L08;L09,negative internal heterogeneity result
C06,Phase 5 evaluated 9 leakage-controlled pipelines with 25 repeated grouped outer validations and found no defensible compact panel.,results/05_machine_learning/05_validation.json,"evaluated_pipelines,outer_repeats,compact_panel_discovered",derived_from_matrix,L05;L06;L08;L09;L11;L12,internal tissue-state classification
C07,"Phase 6 evaluates 24 no-imputation multiverse scenarios across normalization, cohort, completeness and estimator.",results/06_robustness/multiverse_scenarios.csv,all rows,derived_from_matrix,L01;L02;L04;L07,computational robustness
C08,Exact leave-one-patient-out refitting was completed for all 42 patients; 583/614 abundance candidates and 1804/1827 detection candidates retained core support in at least 80% of omissions.,results/06_robustness/lopo_feature_influence.csv,"evidence_tier,lopo_abundance_core_fraction,lopo_detection_core_fraction",derived_from_matrix,L01;L03;L07;L11,internal patient influence
C09,"Across the Phase 6 pathway multiverse, 596/783 Reactome v86 pathways met the prespecified direction-agreement and leading-edge-overlap robustness thresholds.",results/06_robustness/pathway_robustness.csv,"pathway_direction_agreement,pathway_leading_edge_jaccard_median",derived_from_matrix,L01;L02;L04;L08;L09;L10,internal pathway robustness
C10,"The leading Phase 5 abundance elastic-net model has grouped leave-one-patient-out AUC 0.985, balanced accuracy 0.964, and pair-orientation accuracy 0.976.",results/06_robustness/ml_lopo_summary.json,roc_auc,derived_from_matrix,L05;L06;L08;L09;L11;L12,internal tissue-state classification
C11,The 200-run paired-label full nested-pipeline negative control gave empirical p=0.004975; the observed AUC (0.977) exceeded the largest permuted AUC (0.732).,results/06_robustness/negative_controls.csv,paired_within_patient_label_swaps_full_nested_ml,derived_from_matrix,L08;L11;L12,within-dataset exchangeability test
C12,"The overlap between Phase 3 tiered candidates and stable Phase 5 ML features was 140, exceeding the maximum overlap (64) in 1,000 random feature-key permutations (empirical p=0.000999).",results/06_robustness/negative_controls.csv,random_feature_key_overlap_phase3_tier_vs_ml_stability,derived_from_matrix,L08;L09;L11;L12,internal cross-method convergence
C13,"The frozen integration rules classify 165 features as high-priority internal candidates, without implying biomarker validity.",results/06_robustness/integrated_evidence_table.csv,integrated_priority_tier=high_priority_internal,derived_from_matrix,L01;L02;L03;L04;L05;L06;L07;L08;L09;L10;L11;L12,internal evidence prioritization
C14,"No output is an externally validated biomarker, clinical panel, diagnostic test, causal mechanism, population-prevalence estimate, or treatment recommendation.",DATA_ONLY_LIMITATIONS_AND_ASSUMPTIONS.md,"L08,L09,L11,L12",not_testable_with_current_data,L08;L09;L11;L12,prohibition
