view,model,repeat_count,median_auc,minimum_auc,maximum_auc,median_balanced_accuracy,minimum_balanced_accuracy,repeat_winner_count
abundance,elastic_net,25,0.9824263038548752,0.9761904761904762,0.9914965986394556,0.9642857142857142,0.9642857142857142,12.0
abundance,linear_svm,25,0.979591836734694,0.9716553287981858,0.9943310657596371,0.9642857142857142,0.9404761904761904,7.0
abundance_pca,logistic_baseline,25,0.9693877551020408,0.937641723356009,0.9926303854875284,0.9404761904761904,0.9166666666666666,2.0
combined,elastic_net,25,0.9739229024943312,0.9472789115646256,0.9824263038548752,0.9523809523809524,0.9285714285714286,0.0
combined,linear_svm,25,0.9744897959183672,0.9586167800453514,0.9926303854875282,0.9523809523809524,0.9047619047619048,4.0
coverage,logistic_baseline,25,0.8684807256235828,0.8537414965986394,0.8741496598639455,0.7857142857142858,0.7619047619047619,0.0
detection,elastic_net,25,0.9535147392290249,0.927437641723356,0.9665532879818596,0.9404761904761904,0.9166666666666666,0.0
detection,linear_svm,25,0.9600340136054424,0.9226190476190476,0.9773242630385488,0.9404761904761904,0.9166666666666669,0.0
intercept,null_baseline,25,0.5,0.5,0.5,0.5,0.5,0.0
