training_patients,repeat,test_patients,roc_auc,balanced_accuracy,hyperparameters_source
14,0,28,0.9885204081632654,0.9464285714285714,modal_nested_outer_choices; test sets not used
14,1,28,0.9413265306122449,0.9107142857142857,modal_nested_outer_choices; test sets not used
14,2,28,0.971938775510204,0.8928571428571428,modal_nested_outer_choices; test sets not used
14,3,28,0.9681122448979592,0.9285714285714286,modal_nested_outer_choices; test sets not used
14,4,28,0.9821428571428572,0.9285714285714286,modal_nested_outer_choices; test sets not used
14,5,28,1.0,0.9642857142857143,modal_nested_outer_choices; test sets not used
14,6,28,0.9885204081632654,0.9821428571428572,modal_nested_outer_choices; test sets not used
14,7,28,0.9706632653061225,0.9642857142857143,modal_nested_outer_choices; test sets not used
14,8,28,0.975765306122449,0.9464285714285714,modal_nested_outer_choices; test sets not used
14,9,28,0.9948979591836735,0.9107142857142857,modal_nested_outer_choices; test sets not used
21,0,21,0.9841269841269841,0.9285714285714286,modal_nested_outer_choices; test sets not used
21,1,21,0.9727891156462585,0.9523809523809523,modal_nested_outer_choices; test sets not used
21,2,21,0.9478458049886622,0.9047619047619047,modal_nested_outer_choices; test sets not used
21,3,21,0.9977324263038548,0.9523809523809523,modal_nested_outer_choices; test sets not used
21,4,21,0.9682539682539681,0.9761904761904762,modal_nested_outer_choices; test sets not used
21,5,21,0.9909297052154195,0.9761904761904762,modal_nested_outer_choices; test sets not used
21,6,21,0.963718820861678,0.9047619047619047,modal_nested_outer_choices; test sets not used
21,7,21,0.9705215419501134,0.9285714285714286,modal_nested_outer_choices; test sets not used
21,8,21,0.9773242630385487,0.9523809523809523,modal_nested_outer_choices; test sets not used
21,9,21,0.9886621315192743,0.9761904761904762,modal_nested_outer_choices; test sets not used
28,0,14,0.989795918367347,0.9285714285714286,modal_nested_outer_choices; test sets not used
28,1,14,0.9744897959183674,0.9642857142857143,modal_nested_outer_choices; test sets not used
28,2,14,0.9795918367346939,0.9642857142857143,modal_nested_outer_choices; test sets not used
28,3,14,1.0,1.0,modal_nested_outer_choices; test sets not used
28,4,14,1.0,1.0,modal_nested_outer_choices; test sets not used
28,5,14,0.9744897959183674,0.9642857142857143,modal_nested_outer_choices; test sets not used
28,6,14,1.0,0.9642857142857143,modal_nested_outer_choices; test sets not used
28,7,14,1.0,0.8214285714285714,modal_nested_outer_choices; test sets not used
28,8,14,0.9795918367346939,0.9642857142857143,modal_nested_outer_choices; test sets not used
28,9,14,1.0,1.0,modal_nested_outer_choices; test sets not used
35,0,7,1.0,1.0,modal_nested_outer_choices; test sets not used
35,1,7,1.0,1.0,modal_nested_outer_choices; test sets not used
35,2,7,0.9591836734693878,0.8571428571428571,modal_nested_outer_choices; test sets not used
35,3,7,1.0,1.0,modal_nested_outer_choices; test sets not used
35,4,7,1.0,1.0,modal_nested_outer_choices; test sets not used
35,5,7,1.0,1.0,modal_nested_outer_choices; test sets not used
35,6,7,1.0,0.9285714285714286,modal_nested_outer_choices; test sets not used
35,7,7,1.0,1.0,modal_nested_outer_choices; test sets not used
35,8,7,0.9591836734693878,0.9285714285714286,modal_nested_outer_choices; test sets not used
35,9,7,1.0,0.9285714285714286,modal_nested_outer_choices; test sets not used
