permutation,seed,roc_auc,observed_auc,empirical_p_value
0,29231118,0.5572562358276645,0.9767573696145125,0.004975124378109453
1,29239037,0.5833333333333333,0.9767573696145125,0.004975124378109453
2,29246956,0.49858276643990934,0.9767573696145125,0.004975124378109453
3,29254875,0.409297052154195,0.9767573696145125,0.004975124378109453
4,29262794,0.36196145124716556,0.9767573696145125,0.004975124378109453
5,29270713,0.6218820861678004,0.9767573696145125,0.004975124378109453
6,29278632,0.3840702947845805,0.9767573696145125,0.004975124378109453
7,29286551,0.4625850340136055,0.9767573696145125,0.004975124378109453
8,29294470,0.46088435374149656,0.9767573696145125,0.004975124378109453
9,29302389,0.449546485260771,0.9767573696145125,0.004975124378109453
10,29310308,0.5759637188208616,0.9767573696145125,0.004975124378109453
11,29318227,0.6116780045351475,0.9767573696145125,0.004975124378109453
12,29326146,0.44869614512471656,0.9767573696145125,0.004975124378109453
13,29334065,0.44246031746031744,0.9767573696145125,0.004975124378109453
14,29341984,0.4299886621315194,0.9767573696145125,0.004975124378109453
15,29349903,0.4444444444444445,0.9767573696145125,0.004975124378109453
16,29357822,0.5668934240362811,0.9767573696145125,0.004975124378109453
17,29365741,0.4580498866213152,0.9767573696145125,0.004975124378109453
18,29373660,0.5833333333333334,0.9767573696145125,0.004975124378109453
19,29381579,0.46456916099773243,0.9767573696145125,0.004975124378109453
20,29389498,0.4546485260770975,0.9767573696145125,0.004975124378109453
21,29397417,0.46485260770975056,0.9767573696145125,0.004975124378109453
22,29405336,0.4589002267573697,0.9767573696145125,0.004975124378109453
23,29413255,0.46201814058956925,0.9767573696145125,0.004975124378109453
24,29421174,0.4129818594104308,0.9767573696145125,0.004975124378109453
25,29429093,0.3829365079365079,0.9767573696145125,0.004975124378109453
26,29437012,0.5884353741496599,0.9767573696145125,0.004975124378109453
27,29444931,0.49348072562358275,0.9767573696145125,0.004975124378109453
28,29452850,0.44019274376417233,0.9767573696145125,0.004975124378109453
29,29460769,0.397108843537415,0.9767573696145125,0.004975124378109453
30,29468688,0.481859410430839,0.9767573696145125,0.004975124378109453
31,29476607,0.5453514739229025,0.9767573696145125,0.004975124378109453
32,29484526,0.3183106575963719,0.9767573696145125,0.004975124378109453
33,29492445,0.47845804988662133,0.9767573696145125,0.004975124378109453
34,29500364,0.46938775510204084,0.9767573696145125,0.004975124378109453
35,29508283,0.5572562358276645,0.9767573696145125,0.004975124378109453
36,29516202,0.5011337868480725,0.9767573696145125,0.004975124378109453
37,29524121,0.479875283446712,0.9767573696145125,0.004975124378109453
38,29532040,0.4929138321995465,0.9767573696145125,0.004975124378109453
39,29539959,0.5283446712018139,0.9767573696145125,0.004975124378109453
40,29547878,0.4841269841269841,0.9767573696145125,0.004975124378109453
41,29555797,0.4886621315192744,0.9767573696145125,0.004975124378109453
42,29563716,0.570294784580499,0.9767573696145125,0.004975124378109453
43,29571635,0.6057256235827665,0.9767573696145125,0.004975124378109453
44,29579554,0.5172902494331066,0.9767573696145125,0.004975124378109453
45,29587473,0.7046485260770976,0.9767573696145125,0.004975124378109453
46,29595392,0.5127551020408163,0.9767573696145125,0.004975124378109453
47,29603311,0.4237528344671202,0.9767573696145125,0.004975124378109453
48,29611230,0.5,0.9767573696145125,0.004975124378109453
49,29619149,0.45209750566893425,0.9767573696145125,0.004975124378109453
50,29627068,0.4753401360544217,0.9767573696145125,0.004975124378109453
51,29634987,0.49574829931972786,0.9767573696145125,0.004975124378109453
52,29642906,0.44359410430839,0.9767573696145125,0.004975124378109453
53,29650825,0.3469387755102041,0.9767573696145125,0.004975124378109453
54,29658744,0.5912698412698414,0.9767573696145125,0.004975124378109453
55,29666663,0.48724489795918363,0.9767573696145125,0.004975124378109453
56,29674582,0.6326530612244898,0.9767573696145125,0.004975124378109453
57,29682501,0.3846371882086168,0.9767573696145125,0.004975124378109453
58,29690420,0.44047619047619047,0.9767573696145125,0.004975124378109453
59,29698339,0.4146825396825397,0.9767573696145125,0.004975124378109453
60,29706258,0.4435941043083901,0.9767573696145125,0.004975124378109453
61,29714177,0.46910430839002276,0.9767573696145125,0.004975124378109453
62,29722096,0.4722222222222222,0.9767573696145125,0.004975124378109453
63,29730015,0.4209183673469388,0.9767573696145125,0.004975124378109453
64,29737934,0.5189909297052155,0.9767573696145125,0.004975124378109453
65,29745853,0.3956916099773242,0.9767573696145125,0.004975124378109453
66,29753772,0.5308956916099774,0.9767573696145125,0.004975124378109453
67,29761691,0.4197845804988662,0.9767573696145125,0.004975124378109453
68,29769610,0.5195578231292517,0.9767573696145125,0.004975124378109453
69,29777529,0.3922902494331066,0.9767573696145125,0.004975124378109453
70,29785448,0.5079365079365079,0.9767573696145125,0.004975124378109453
71,29793367,0.45068027210884354,0.9767573696145125,0.004975124378109453
72,29801286,0.42857142857142855,0.9767573696145125,0.004975124378109453
73,29809205,0.4810090702947846,0.9767573696145125,0.004975124378109453
74,29817124,0.35742630385487534,0.9767573696145125,0.004975124378109453
75,29825043,0.35204081632653056,0.9767573696145125,0.004975124378109453
76,29832962,0.46825396825396826,0.9767573696145125,0.004975124378109453
77,29840881,0.5702947845804989,0.9767573696145125,0.004975124378109453
78,29848800,0.5076530612244898,0.9767573696145125,0.004975124378109453
79,29856719,0.48129251700680276,0.9767573696145125,0.004975124378109453
80,29864638,0.4767573696145124,0.9767573696145125,0.004975124378109453
81,29872557,0.536281179138322,0.9767573696145125,0.004975124378109453
82,29880476,0.7193877551020409,0.9767573696145125,0.004975124378109453
83,29888395,0.35799319727891155,0.9767573696145125,0.004975124378109453
84,29896314,0.6490929705215419,0.9767573696145125,0.004975124378109453
85,29904233,0.6366213151927438,0.9767573696145125,0.004975124378109453
86,29912152,0.43764172335600904,0.9767573696145125,0.004975124378109453
87,29920071,0.5286281179138321,0.9767573696145125,0.004975124378109453
88,29927990,0.36167800453514737,0.9767573696145125,0.004975124378109453
89,29935909,0.510204081632653,0.9767573696145125,0.004975124378109453
90,29943828,0.43934240362811794,0.9767573696145125,0.004975124378109453
91,29951747,0.5581065759637188,0.9767573696145125,0.004975124378109453
92,29959666,0.4606009070294785,0.9767573696145125,0.004975124378109453
93,29967585,0.48044217687074825,0.9767573696145125,0.004975124378109453
94,29975504,0.4611678004535148,0.9767573696145125,0.004975124378109453
95,29983423,0.3134920634920635,0.9767573696145125,0.004975124378109453
96,29991342,0.5731292517006803,0.9767573696145125,0.004975124378109453
97,29999261,0.6445578231292517,0.9767573696145125,0.004975124378109453
98,30007180,0.4107142857142857,0.9767573696145125,0.004975124378109453
99,30015099,0.465702947845805,0.9767573696145125,0.004975124378109453
100,30023018,0.5274943310657596,0.9767573696145125,0.004975124378109453
101,30030937,0.4098639455782313,0.9767573696145125,0.004975124378109453
102,30038856,0.4988662131519274,0.9767573696145125,0.004975124378109453
103,30046775,0.5952380952380952,0.9767573696145125,0.004975124378109453
104,30054694,0.45719954648526073,0.9767573696145125,0.004975124378109453
105,30062613,0.5668934240362812,0.9767573696145125,0.004975124378109453
106,30070532,0.32681405895691606,0.9767573696145125,0.004975124378109453
107,30078451,0.4143990929705215,0.9767573696145125,0.004975124378109453
108,30086370,0.5229591836734694,0.9767573696145125,0.004975124378109453
109,30094289,0.37896825396825395,0.9767573696145125,0.004975124378109453
110,30102208,0.42517006802721086,0.9767573696145125,0.004975124378109453
111,30110127,0.479875283446712,0.9767573696145125,0.004975124378109453
112,30118046,0.5941043083900228,0.9767573696145125,0.004975124378109453
113,30125965,0.41241496598639454,0.9767573696145125,0.004975124378109453
114,30133884,0.532312925170068,0.9767573696145125,0.004975124378109453
115,30141803,0.508219954648526,0.9767573696145125,0.004975124378109453
116,30149722,0.3812358276643991,0.9767573696145125,0.004975124378109453
117,30157641,0.4535147392290249,0.9767573696145125,0.004975124378109453
118,30165560,0.6215986394557823,0.9767573696145125,0.004975124378109453
119,30173479,0.5229591836734695,0.9767573696145125,0.004975124378109453
120,30181398,0.63718820861678,0.9767573696145125,0.004975124378109453
121,30189317,0.731859410430839,0.9767573696145125,0.004975124378109453
122,30197236,0.5646258503401361,0.9767573696145125,0.004975124378109453
123,30205155,0.4648526077097505,0.9767573696145125,0.004975124378109453
124,30213074,0.4651360544217687,0.9767573696145125,0.004975124378109453
125,30220993,0.45975056689342403,0.9767573696145125,0.004975124378109453
126,30228912,0.46768707482993205,0.9767573696145125,0.004975124378109453
127,30236831,0.4492630385487527,0.9767573696145125,0.004975124378109453
128,30244750,0.5192743764172336,0.9767573696145125,0.004975124378109453
129,30252669,0.4957482993197279,0.9767573696145125,0.004975124378109453
130,30260588,0.5561224489795918,0.9767573696145125,0.004975124378109453
131,30268507,0.46541950113378683,0.9767573696145125,0.004975124378109453
132,30276426,0.6196145124716553,0.9767573696145125,0.004975124378109453
133,30284345,0.49489795918367346,0.9767573696145125,0.004975124378109453
134,30292264,0.46655328798185935,0.9767573696145125,0.004975124378109453
135,30300183,0.48441043083900226,0.9767573696145125,0.004975124378109453
136,30308102,0.6678004535147392,0.9767573696145125,0.004975124378109453
137,30316021,0.45436507936507936,0.9767573696145125,0.004975124378109453
138,30323940,0.5005668934240364,0.9767573696145125,0.004975124378109453
139,30331859,0.47874149659863946,0.9767573696145125,0.004975124378109453
140,30339778,0.44812925170068024,0.9767573696145125,0.004975124378109453
141,30347697,0.5850340136054422,0.9767573696145125,0.004975124378109453
142,30355616,0.38605442176870747,0.9767573696145125,0.004975124378109453
143,30363535,0.6899092970521542,0.9767573696145125,0.004975124378109453
144,30371454,0.43707482993197283,0.9767573696145125,0.004975124378109453
145,30379373,0.46031746031746035,0.9767573696145125,0.004975124378109453
146,30387292,0.4237528344671202,0.9767573696145125,0.004975124378109453
147,30395211,0.496031746031746,0.9767573696145125,0.004975124378109453
148,30403130,0.447562358276644,0.9767573696145125,0.004975124378109453
149,30411049,0.477891156462585,0.9767573696145125,0.004975124378109453
150,30418968,0.5691609977324263,0.9767573696145125,0.004975124378109453
151,30426887,0.5736961451247166,0.9767573696145125,0.004975124378109453
152,30434806,0.4036281179138322,0.9767573696145125,0.004975124378109453
153,30442725,0.4356575963718821,0.9767573696145125,0.004975124378109453
154,30450644,0.48866213151927435,0.9767573696145125,0.004975124378109453
155,30458563,0.3591269841269841,0.9767573696145125,0.004975124378109453
156,30466482,0.623015873015873,0.9767573696145125,0.004975124378109453
157,30474401,0.45578231292517013,0.9767573696145125,0.004975124378109453
158,30482320,0.46088435374149667,0.9767573696145125,0.004975124378109453
159,30490239,0.5413832199546486,0.9767573696145125,0.004975124378109453
160,30498158,0.4438775510204082,0.9767573696145125,0.004975124378109453
161,30506077,0.4200680272108844,0.9767573696145125,0.004975124378109453
162,30513996,0.46003401360544216,0.9767573696145125,0.004975124378109453
163,30521915,0.6020408163265306,0.9767573696145125,0.004975124378109453
164,30529834,0.58078231292517,0.9767573696145125,0.004975124378109453
165,30537753,0.4750566893424036,0.9767573696145125,0.004975124378109453
166,30545672,0.42970521541950113,0.9767573696145125,0.004975124378109453
167,30553591,0.5291950113378684,0.9767573696145125,0.004975124378109453
168,30561510,0.621031746031746,0.9767573696145125,0.004975124378109453
169,30569429,0.5136054421768708,0.9767573696145125,0.004975124378109453
170,30577348,0.37811791383219956,0.9767573696145125,0.004975124378109453
171,30585267,0.4331065759637188,0.9767573696145125,0.004975124378109453
172,30593186,0.3939909297052154,0.9767573696145125,0.004975124378109453
173,30601105,0.427437641723356,0.9767573696145125,0.004975124378109453
174,30609024,0.5045351473922902,0.9767573696145125,0.004975124378109453
175,30616943,0.5195578231292517,0.9767573696145125,0.004975124378109453
176,30624862,0.47874149659863946,0.9767573696145125,0.004975124378109453
177,30632781,0.6434240362811792,0.9767573696145125,0.004975124378109453
178,30640700,0.4314058956916099,0.9767573696145125,0.004975124378109453
179,30648619,0.6734693877551021,0.9767573696145125,0.004975124378109453
180,30656538,0.5124716553287982,0.9767573696145125,0.004975124378109453
181,30664457,0.41978458049886624,0.9767573696145125,0.004975124378109453
182,30672376,0.4974489795918367,0.9767573696145125,0.004975124378109453
183,30680295,0.3611111111111111,0.9767573696145125,0.004975124378109453
184,30688214,0.4773242630385487,0.9767573696145125,0.004975124378109453
185,30696133,0.5878684807256236,0.9767573696145125,0.004975124378109453
186,30704052,0.6179138321995465,0.9767573696145125,0.004975124378109453
187,30711971,0.5218253968253969,0.9767573696145125,0.004975124378109453
188,30719890,0.41893424036281185,0.9767573696145125,0.004975124378109453
189,30727809,0.3321995464852608,0.9767573696145125,0.004975124378109453
190,30735728,0.4297052154195012,0.9767573696145125,0.004975124378109453
191,30743647,0.49574829931972786,0.9767573696145125,0.004975124378109453
192,30751566,0.42431972789115646,0.9767573696145125,0.004975124378109453
193,30759485,0.5255102040816326,0.9767573696145125,0.004975124378109453
194,30767404,0.5651927437641724,0.9767573696145125,0.004975124378109453
195,30775323,0.520408163265306,0.9767573696145125,0.004975124378109453
196,30783242,0.5,0.9767573696145125,0.004975124378109453
197,30791161,0.5793650793650793,0.9767573696145125,0.004975124378109453
198,30799080,0.4390589569160997,0.9767573696145125,0.004975124378109453
199,30806999,0.5759637188208616,0.9767573696145125,0.004975124378109453
