view,model,feature_name,selection_count,outer_fit_count,selection_frequency,median_coefficient,sign_consistency,stable_exploratory_feature,mean_heldout_importance,modality,feature_key,feature_id_original,duplicate_identifier,compound_identifier,heldout_importance_positive,permitted_claim
abundance,elastic_net,A:F06382,150,150,1.0,0.0369997957193844,1.0,True,0.0023809523809523,abundance,F06382,SERPINH1,False,False,True,stable fold-local internal tissue-state predictor; not a validated biomarker
abundance,elastic_net,A:F03153,150,150,1.0,0.0247634549162152,1.0,True,0.0002197802197802,abundance,F03153,HSPH1,False,False,True,stable fold-local internal tissue-state predictor; not a validated biomarker
abundance,elastic_net,A:F05469,150,150,1.0,-0.0347489070778464,1.0,True,-0.0001956947162426,abundance,F05469,PRELP,False,False,False,stable fold-local internal tissue-state predictor; not a validated biomarker
abundance,elastic_net,A:F02726,149,150,0.9933333333333332,-0.0240239166007191,1.0,True,0.0001142857142857,abundance,F02726,GNA11,False,False,True,stable fold-local internal tissue-state predictor; not a validated biomarker
abundance,elastic_net,A:F03953,149,150,0.9933333333333332,-0.0234390271447787,1.0,True,0.0,abundance,F03953,MAOB,False,False,False,stable fold-local internal tissue-state predictor; not a validated biomarker
abundance,elastic_net,A:F03706,148,150,0.9866666666666668,-0.0137178948918196,1.0,True,0.0015873015873015,abundance,F03706,LANCL1,False,False,True,stable fold-local internal tissue-state predictor; not a validated biomarker
abundance,elastic_net,A:F03402,148,150,0.9866666666666668,-0.021201801185965,1.0,True,0.0005042016806722,abundance,F03402,ISOC1,False,False,True,stable fold-local internal tissue-state predictor; not a validated biomarker
abundance,elastic_net,A:F03622,148,150,0.9866666666666668,-0.0277614336161073,1.0,True,0.0001943634596695,abundance,F03622,KRT4,False,False,True,stable fold-local internal tissue-state predictor; not a validated biomarker
abundance,elastic_net,A:F00259,148,150,0.9866666666666668,-0.0144921702412916,1.0,True,0.0,abundance,F00259,AKR7A2,False,False,False,stable fold-local internal tissue-state predictor; not a validated biomarker
abundance,elastic_net,A:F02531,148,150,0.9866666666666668,-0.0160321721545137,1.0,True,0.0,abundance,F02531,FRY,False,False,False,stable fold-local internal tissue-state predictor; not a validated biomarker
abundance,elastic_net,A:F06785,147,150,0.98,-0.0129622407369487,1.0,True,0.0015873015873015,abundance,F06785,SPTBN1,False,False,True,stable fold-local internal tissue-state predictor; not a validated biomarker
abundance,elastic_net,A:F02206,147,150,0.98,-0.0247293427317624,1.0,True,0.0006644518272425,abundance,F02206,EPHX2,False,False,True,stable fold-local internal tissue-state predictor; not a validated biomarker
abundance,elastic_net,A:F01422,147,150,0.98,0.0311523358696581,1.0,True,0.0001956947162426,abundance,F01422,COLGALT1,False,False,True,stable fold-local internal tissue-state predictor; not a validated biomarker
abundance,elastic_net,A:F06783,146,150,0.9733333333333334,-0.0279277285712727,1.0,True,0.0,abundance,F06783,SPTAN1,False,False,False,stable fold-local internal tissue-state predictor; not a validated biomarker
abundance,elastic_net,A:F04853,146,150,0.9733333333333334,-0.0309972279335399,0.9931506849315068,True,0.0001013171225937,abundance,F04853,OGN,False,False,True,stable fold-local internal tissue-state predictor; not a validated biomarker
abundance,elastic_net,A:F00147,144,150,0.96,-0.0190013445525162,1.0,True,0.0,abundance,F00147,ADD3,False,False,False,stable fold-local internal tissue-state predictor; not a validated biomarker
abundance,elastic_net,A:F02474,144,150,0.96,0.0237837341408514,1.0,True,0.0,abundance,F02474,FKBP9,False,False,False,stable fold-local internal tissue-state predictor; not a validated biomarker
abundance,elastic_net,A:F03473,144,150,0.96,-0.0139720215538075,1.0,True,0.0,abundance,F03473,KANK2,False,False,False,stable fold-local internal tissue-state predictor; not a validated biomarker
abundance,elastic_net,A:F04396,144,150,0.96,-0.0182921570142354,1.0,True,0.0,abundance,F04396,MYH11,False,False,False,stable fold-local internal tissue-state predictor; not a validated biomarker
abundance,elastic_net,A:F05080,144,150,0.96,-0.0236818232914496,1.0,True,0.0,abundance,F05080,PEBP1,False,False,False,stable fold-local internal tissue-state predictor; not a validated biomarker
abundance,elastic_net,A:F07332,144,150,0.96,-0.015656952692387,1.0,True,0.0,abundance,F07332,TNS1,False,False,False,stable fold-local internal tissue-state predictor; not a validated biomarker
abundance,elastic_net,A:F02791,144,150,0.96,-0.0095945029409288,1.0,True,,abundance,F02791,GPD1L,False,False,False,stable fold-local internal tissue-state predictor; not a validated biomarker
abundance,elastic_net,A:F02815,144,150,0.96,-0.0174322666401668,0.9930555555555556,True,0.0,abundance,F02815,GPX3,False,False,False,stable fold-local internal tissue-state predictor; not a validated biomarker
abundance,elastic_net,A:F00269,144,150,0.96,-0.0171357095531409,0.9722222222222222,True,0.0,abundance,F00269,ALDH1A1,False,False,False,stable fold-local internal tissue-state predictor; not a validated biomarker
abundance,elastic_net,A:F07730,144,150,0.96,-0.0095029091325906,0.9722222222222222,True,0.0,abundance,F07730,UTRN,False,False,False,stable fold-local internal tissue-state predictor; not a validated biomarker
abundance,elastic_net,A:F00282,144,150,0.96,-0.0272900423228927,0.9722222222222222,True,-2.9738116731030984e-19,abundance,F00282,ALDH9A1,False,False,False,stable fold-local internal tissue-state predictor; not a validated biomarker
abundance,elastic_net,A:F06428,144,150,0.96,-0.0206979186789318,0.9722222222222222,True,-0.0003322259136212,abundance,F06428,SH3BGRL2,False,False,False,stable fold-local internal tissue-state predictor; not a validated biomarker
abundance,elastic_net,A:F01723,144,150,0.96,-0.0182405485117081,0.9652777777777778,True,0.0,abundance,F01723,DCN,False,False,False,stable fold-local internal tissue-state predictor; not a validated biomarker
abundance,elastic_net,A:F00558,143,150,0.9533333333333334,-0.0137909329740903,1.0,True,0.0006493506493506,abundance,F00558,ASPN,False,False,True,stable fold-local internal tissue-state predictor; not a validated biomarker
abundance,elastic_net,A:F02205,143,150,0.9533333333333334,-0.0258493838890001,1.0,True,0.0,abundance,F02205,EPHX1,False,False,False,stable fold-local internal tissue-state predictor; not a validated biomarker
abundance,elastic_net,A:F03000,143,150,0.9533333333333334,-0.0130679886852014,1.0,True,0.0,abundance,F03000,HIBCH,False,False,False,stable fold-local internal tissue-state predictor; not a validated biomarker
abundance,elastic_net,A:F04996,143,150,0.9533333333333334,-0.020064654048546,1.0,True,0.0,abundance,F04996,PCBD1,False,False,False,stable fold-local internal tissue-state predictor; not a validated biomarker
abundance,elastic_net,A:F00042,143,150,0.9533333333333334,-0.0140393252734334,1.0,True,,abundance,F00042,ABHD14B,False,False,False,stable fold-local internal tissue-state predictor; not a validated biomarker
abundance,elastic_net,A:F05488,143,150,0.9533333333333334,-0.0066795302102933,1.0,True,,abundance,F05488,PRKAR2A,False,False,False,stable fold-local internal tissue-state predictor; not a validated biomarker
abundance,elastic_net,A:F02084,143,150,0.9533333333333334,0.019215234386448,0.972027972027972,True,0.0,abundance,F02084,EIF2AK2,False,False,False,stable fold-local internal tissue-state predictor; not a validated biomarker
abundance,elastic_net,A:F02533,143,150,0.9533333333333334,0.0134780841424674,0.972027972027972,True,0.0,abundance,F02533,FSCN1,False,False,False,stable fold-local internal tissue-state predictor; not a validated biomarker
abundance,elastic_net,A:F03884,143,150,0.9533333333333334,-0.015315388467837,0.965034965034965,True,0.0,abundance,F03884,LUM,False,False,False,stable fold-local internal tissue-state predictor; not a validated biomarker
abundance,elastic_net,A:F06683,143,150,0.9533333333333334,-0.0061060860470655,0.965034965034965,True,,abundance,F06683,SNTB2,False,False,False,stable fold-local internal tissue-state predictor; not a validated biomarker
abundance,elastic_net,A:F06575,142,150,0.9466666666666668,0.0259147159163844,1.0,True,0.000104275286757,abundance,F06575,SLC3A2,False,False,True,stable fold-local internal tissue-state predictor; not a validated biomarker
abundance,elastic_net,A:F01483,142,150,0.9466666666666668,-0.0132966441889423,1.0,True,0.0,abundance,F01483,CPA3,False,False,False,stable fold-local internal tissue-state predictor; not a validated biomarker
abundance,elastic_net,A:F00280,142,150,0.9466666666666668,-0.0132810330719144,1.0,True,,abundance,F00280,ALDH6A1,False,False,False,stable fold-local internal tissue-state predictor; not a validated biomarker
abundance,elastic_net,A:F04105,142,150,0.9466666666666668,-0.0254640788563779,0.9859154929577464,True,0.0002070393374741,abundance,F04105,MGLL,False,False,True,stable fold-local internal tissue-state predictor; not a validated biomarker
abundance,elastic_net,A:F00276,142,150,0.9466666666666668,-0.0185061567328664,0.9859154929577464,True,0.0,abundance,F00276,ALDH3A2,False,False,False,stable fold-local internal tissue-state predictor; not a validated biomarker
abundance,elastic_net,A:F04398,142,150,0.9466666666666668,-0.0151113750502817,0.9859154929577464,True,0.0,abundance,F04398,MYH14,False,False,False,stable fold-local internal tissue-state predictor; not a validated biomarker
abundance,elastic_net,A:F06710,142,150,0.9466666666666668,-0.0223868792574112,0.9788732394366196,True,0.0,abundance,F06710,SOD3,False,False,False,stable fold-local internal tissue-state predictor; not a validated biomarker
abundance,elastic_net,A:F07305,142,150,0.9466666666666668,0.0140497178291533,0.971830985915493,True,-0.0023809523809523,abundance,F07305,TNC,False,False,False,stable fold-local internal tissue-state predictor; not a validated biomarker
abundance,elastic_net,A:F04531,142,150,0.9466666666666668,-0.0067842967214016,0.9647887323943662,True,,abundance,F04531,NDRG2,False,False,False,stable fold-local internal tissue-state predictor; not a validated biomarker
abundance,elastic_net,A:F03769,141,150,0.94,0.0265863431078537,1.0,True,0.0003105590062111,abundance,F03769,LIMA1,False,False,True,stable fold-local internal tissue-state predictor; not a validated biomarker
abundance,elastic_net,A:F02093,141,150,0.94,0.0118040789619142,1.0,True,0.0,abundance,F02093,EIF2S2,False,False,False,stable fold-local internal tissue-state predictor; not a validated biomarker
abundance,elastic_net,A:F05666,141,150,0.94,-0.0133595416271258,1.0,True,,abundance,F05666,PURA,False,False,False,stable fold-local internal tissue-state predictor; not a validated biomarker
abundance,elastic_net,A:F07336,141,150,0.94,-0.0201714224238094,0.9929078014184396,True,0.0,abundance,F07336,TNXB,False,False,False,stable fold-local internal tissue-state predictor; not a validated biomarker
abundance,elastic_net,A:F01742,141,150,0.94,-0.0224658542486189,0.9858156028368794,True,0.0,abundance,F01742,DDAH2,False,False,False,stable fold-local internal tissue-state predictor; not a validated biomarker
abundance,elastic_net,A:F01959,141,150,0.94,-0.0082660096482286,0.9858156028368794,True,0.0,abundance,F01959,DPT,False,False,False,stable fold-local internal tissue-state predictor; not a validated biomarker
abundance,elastic_net,A:F03794,141,150,0.94,-0.0108109196218485,0.9858156028368794,True,,abundance,F03794,LMOD1,False,False,False,stable fold-local internal tissue-state predictor; not a validated biomarker
abundance,elastic_net,A:F01406,140,150,0.9333333333333332,-0.0074926086471794,1.0,True,0.0,abundance,F01406,COL3A1,False,False,False,stable fold-local internal tissue-state predictor; not a validated biomarker
abundance,elastic_net,A:F01739,140,150,0.9333333333333332,-0.0084171476527943,1.0,True,0.0,abundance,F01739,DCXR,False,False,False,stable fold-local internal tissue-state predictor; not a validated biomarker
abundance,elastic_net,A:F04860,140,150,0.9333333333333332,-0.0146050541819903,1.0,True,0.0,abundance,F04860,OLFML1,False,False,False,stable fold-local internal tissue-state predictor; not a validated biomarker
abundance,elastic_net,A:F01657,140,150,0.9333333333333332,-0.0097831145251551,1.0,True,,abundance,F01657,CYBRD1,False,False,False,stable fold-local internal tissue-state predictor; not a validated biomarker
abundance,elastic_net,A:F00436,139,150,0.9266666666666666,-0.0094052876850268,1.0,True,0.0,abundance,F00436,APPL1,False,False,False,stable fold-local internal tissue-state predictor; not a validated biomarker
abundance,elastic_net,A:F00932,139,150,0.9266666666666666,-0.0085438953100354,1.0,True,,abundance,F00932,CAPNS1,False,False,False,stable fold-local internal tissue-state predictor; not a validated biomarker
abundance,elastic_net,A:F01333,138,150,0.92,-0.0116873627220627,1.0,True,0.0,abundance,F01333,CMA1,False,False,False,stable fold-local internal tissue-state predictor; not a validated biomarker
abundance,elastic_net,A:F03694,138,150,0.92,-0.0057221575462595,1.0,True,0.0,abundance,F03694,LAMB2,False,False,False,stable fold-local internal tissue-state predictor; not a validated biomarker
abundance,elastic_net,A:F03192,138,150,0.92,0.00911170870668,0.9927536231884058,True,-0.0571428571428572,abundance,F03192,IFI16,False,False,False,stable fold-local internal tissue-state predictor; not a validated biomarker
abundance,elastic_net,A:F00243,137,150,0.9133333333333332,-0.0046516009835219,0.9708029197080292,True,0.0,abundance,F00243,AKAP12,False,False,False,stable fold-local internal tissue-state predictor; not a validated biomarker
abundance,elastic_net,A:F02118,137,150,0.9133333333333332,0.0061914228298601,0.9708029197080292,True,0.0,abundance,F02118,EIF4G2,False,False,False,stable fold-local internal tissue-state predictor; not a validated biomarker
abundance,elastic_net,A:F01392,137,150,0.9133333333333332,-0.0081259201118791,0.9635036496350364,True,0.0,abundance,F01392,COL14A1,False,False,False,stable fold-local internal tissue-state predictor; not a validated biomarker
abundance,elastic_net,A:F00973,136,150,0.9066666666666666,-0.0038681341607396,0.9632352941176472,True,,abundance,F00973,CAVIN2,False,False,False,stable fold-local internal tissue-state predictor; not a validated biomarker
abundance,elastic_net,A:F04762,135,150,0.9,-0.0194047575801642,1.0,True,0.0008746355685131,abundance,F04762,NT5C,False,False,True,stable fold-local internal tissue-state predictor; not a validated biomarker
abundance,elastic_net,A:F00814,135,150,0.9,0.007624689121176,0.9629629629629628,True,-0.0011904761904761,abundance,F00814,C10orf67,False,False,False,stable fold-local internal tissue-state predictor; not a validated biomarker
abundance,elastic_net,A:F07567,134,150,0.8933333333333333,0.0075047815638801,0.9626865671641792,True,-0.0071428571428571,abundance,F07567,TYMP,False,False,False,stable fold-local internal tissue-state predictor; not a validated biomarker
abundance,elastic_net,A:F03118,131,150,0.8733333333333333,-0.0100463340748312,1.0,True,0.0,abundance,F03118,HSD17B8,False,False,False,stable fold-local internal tissue-state predictor; not a validated biomarker
abundance,elastic_net,A:F00052,131,150,0.8733333333333333,-0.0112739260906669,0.9923664122137404,True,,abundance,F00052,ABLIM1,False,False,False,stable fold-local internal tissue-state predictor; not a validated biomarker
abundance,elastic_net,A:F05003,127,150,0.8466666666666667,-0.0091250813424072,1.0,True,0.0,abundance,F05003,PCCB,False,False,False,stable fold-local internal tissue-state predictor; not a validated biomarker
abundance,elastic_net,A:F06935,127,150,0.8466666666666667,-0.0059102703902904,1.0,True,0.0,abundance,F06935,SUCLG2,False,False,False,stable fold-local internal tissue-state predictor; not a validated biomarker
abundance,elastic_net,A:F01461,123,150,0.82,0.0161337646013421,1.0,True,0.0,abundance,F01461,CORO1C,False,False,False,stable fold-local internal tissue-state predictor; not a validated biomarker
abundance,elastic_net,A:F05631,118,150,0.7866666666666666,0.0217185272041044,1.0,True,0.000672268907563,abundance,F05631,PTK7,False,False,True,stable fold-local internal tissue-state predictor; not a validated biomarker
abundance,elastic_net,A:F04426,118,150,0.7866666666666666,0.0120808124743822,0.9915254237288136,True,0.0,abundance,F04426,MYO1B,False,False,False,stable fold-local internal tissue-state predictor; not a validated biomarker
abundance,elastic_net,A:F03146,117,150,0.78,-0.0070528500076919,1.0,True,0.0,abundance,F03146,HSPB6,False,False,False,stable fold-local internal tissue-state predictor; not a validated biomarker
abundance,elastic_net,A:F02861,116,150,0.7733333333333333,-0.0058433156435793,0.9913793103448276,True,0.0,abundance,F02861,GSTM2,False,False,False,stable fold-local internal tissue-state predictor; not a validated biomarker
abundance,elastic_net,A:F06869,115,150,0.7666666666666667,0.0066089857049389,0.982608695652174,True,0.0,abundance,F06869,STAT1,False,False,False,stable fold-local internal tissue-state predictor; not a validated biomarker
abundance,elastic_net,A:F03695,113,150,0.7533333333333333,0.0151592240184675,1.0,True,0.0,abundance,F03695,LAMB3,False,False,False,stable fold-local internal tissue-state predictor; not a validated biomarker
abundance,elastic_net,A:F06714,110,150,0.7333333333333333,-0.0030902411185114,0.9727272727272728,True,0.0,abundance,F06714,SORBS3,False,False,False,stable fold-local internal tissue-state predictor; not a validated biomarker
abundance,elastic_net,A:F01389,109,150,0.7266666666666667,-0.0087824176050852,0.9908256880733946,True,,abundance,F01389,COL10A1,False,False,False,stable fold-local internal tissue-state predictor; not a validated biomarker
abundance,elastic_net,A:F03605,105,150,0.7,-0.0243955404252681,1.0,True,-0.0001503759398496,abundance,F03605,KRT13,False,False,False,stable fold-local internal tissue-state predictor; not a validated biomarker
abundance,elastic_net,A:F01606,104,150,0.6933333333333334,0.0119936355529196,1.0,True,0.0,abundance,F01606,CTSC,False,False,False,stable fold-local internal tissue-state predictor; not a validated biomarker
abundance,elastic_net,A:F05405,99,150,0.66,0.0085391279034088,0.98989898989899,True,0.0,abundance,F05405,PPP1CA,False,False,False,stable fold-local internal tissue-state predictor; not a validated biomarker
abundance,elastic_net,A:F01540,98,150,0.6533333333333333,-0.0227101326380497,1.0,True,-2.9319270016509415e-19,abundance,F01540,CRNN,False,False,False,stable fold-local internal tissue-state predictor; not a validated biomarker
abundance,elastic_net,A:F07022,98,150,0.6533333333333333,0.008607803585883,0.979591836734694,True,0.0,abundance,F07022,TAPBP,False,False,False,stable fold-local internal tissue-state predictor; not a validated biomarker
abundance,elastic_net,A:F01601,94,150,0.6266666666666667,0.0071960120873144,0.9787234042553192,True,0.0,abundance,F01601,CTPS1,False,False,False,stable fold-local internal tissue-state predictor; not a validated biomarker
abundance,elastic_net,A:F00274,92,150,0.6133333333333333,-0.0037595150037843,0.9782608695652174,True,0.0,abundance,F00274,ALDH2,False,False,False,stable fold-local internal tissue-state predictor; not a validated biomarker
combined,elastic_net,A:F05469,150,150,1.0,-0.0324337391845124,1.0,True,0.0017733990147783,abundance,F05469,PRELP,False,False,True,stable fold-local internal tissue-state predictor; not a validated biomarker
combined,elastic_net,D:F04586,150,150,1.0,0.042159977647262,1.0,True,-0.0016865079365079,detection,F04586,NEDD1,False,False,False,stable fold-local internal tissue-state predictor; not a validated biomarker
combined,elastic_net,A:F06382,149,150,0.9933333333333332,0.0345077750767417,1.0,True,0.0032598274209012,abundance,F06382,SERPINH1,False,False,True,stable fold-local internal tissue-state predictor; not a validated biomarker
combined,elastic_net,A:F01422,148,150,0.9866666666666668,0.0294157592170595,1.0,True,0.0026239067055393,abundance,F01422,COLGALT1,False,False,True,stable fold-local internal tissue-state predictor; not a validated biomarker
combined,elastic_net,A:F04853,147,150,0.98,-0.0278376834878027,1.0,True,0.0001058201058201,abundance,F04853,OGN,False,False,True,stable fold-local internal tissue-state predictor; not a validated biomarker
combined,elastic_net,A:F06783,146,150,0.9733333333333334,-0.0251801584752221,1.0,True,0.0015037593984962,abundance,F06783,SPTAN1,False,False,True,stable fold-local internal tissue-state predictor; not a validated biomarker
combined,elastic_net,A:F02726,146,150,0.9733333333333334,-0.022702974515439,1.0,True,0.001310615989515,abundance,F02726,GNA11,False,False,True,stable fold-local internal tissue-state predictor; not a validated biomarker
combined,elastic_net,A:F06575,146,150,0.9733333333333334,0.02330242454976,1.0,True,0.0004120879120879,abundance,F06575,SLC3A2,False,False,True,stable fold-local internal tissue-state predictor; not a validated biomarker
combined,elastic_net,D:F04698,145,150,0.9666666666666668,0.0233595496044049,1.0,True,0.0006079027355623,detection,F04698,NOMO1,False,False,True,stable fold-local internal tissue-state predictor; not a validated biomarker
combined,elastic_net,A:F03769,145,150,0.9666666666666668,0.0225989543072112,1.0,True,-0.0011095700416088,abundance,F03769,LIMA1,False,False,False,stable fold-local internal tissue-state predictor; not a validated biomarker
combined,elastic_net,D:F04501,145,150,0.9666666666666668,0.0251580089099976,0.986206896551724,True,0.000125313283208,detection,F04501,NCAPG,False,False,True,stable fold-local internal tissue-state predictor; not a validated biomarker
combined,elastic_net,A:F03153,144,150,0.96,0.0213051547676275,1.0,True,-0.0004608294930875,abundance,F03153,HSPH1,False,False,False,stable fold-local internal tissue-state predictor; not a validated biomarker
combined,elastic_net,A:F00147,144,150,0.96,-0.0171382552481855,1.0,True,-0.001360544217687,abundance,F00147,ADD3,False,False,False,stable fold-local internal tissue-state predictor; not a validated biomarker
combined,elastic_net,D:F03594,143,150,0.9533333333333334,0.026633758140015,0.9790209790209792,True,-0.0026785714285714,detection,F03594,KPNA7,False,False,False,stable fold-local internal tissue-state predictor; not a validated biomarker
combined,elastic_net,A:F02205,142,150,0.9466666666666668,-0.0232876945473477,1.0,True,0.0014005602240896,abundance,F02205,EPHX1,False,False,True,stable fold-local internal tissue-state predictor; not a validated biomarker
combined,elastic_net,D:F06564,142,150,0.9466666666666668,0.0292690047778837,1.0,True,3.357529308342207e-19,detection,F06564,SLC38A2,False,False,True,stable fold-local internal tissue-state predictor; not a validated biomarker
combined,elastic_net,A:F05080,142,150,0.9466666666666668,-0.0213034369620321,1.0,True,-0.0003210272873194,abundance,F05080,PEBP1,False,False,False,stable fold-local internal tissue-state predictor; not a validated biomarker
combined,elastic_net,A:F02531,140,150,0.9333333333333332,-0.0132490534271893,1.0,True,0.0021978021978021,abundance,F02531,FRY,False,False,True,stable fold-local internal tissue-state predictor; not a validated biomarker
combined,elastic_net,A:F00282,140,150,0.9333333333333332,-0.0244835421077724,0.9928571428571428,True,0.0006321112515802,abundance,F00282,ALDH9A1,False,False,True,stable fold-local internal tissue-state predictor; not a validated biomarker
combined,elastic_net,A:F03953,139,150,0.9266666666666666,-0.0195809248638255,1.0,True,0.0005194805194805,abundance,F03953,MAOB,False,False,True,stable fold-local internal tissue-state predictor; not a validated biomarker
combined,elastic_net,D:F07862,139,150,0.9266666666666666,0.0171258388595611,0.9856115107913668,True,-0.0025974025974025,detection,F07862,WDR75,False,False,False,stable fold-local internal tissue-state predictor; not a validated biomarker
combined,elastic_net,A:F06710,138,150,0.92,-0.0190407103696646,0.9927536231884058,True,0.0007326007326007,abundance,F06710,SOD3,False,False,True,stable fold-local internal tissue-state predictor; not a validated biomarker
combined,elastic_net,A:F00558,137,150,0.9133333333333332,-0.011939209114259,1.0,True,0.0005494505494505,abundance,F00558,ASPN,False,False,True,stable fold-local internal tissue-state predictor; not a validated biomarker
combined,elastic_net,A:F04396,137,150,0.9133333333333332,-0.0161080345148291,1.0,True,0.0,abundance,F04396,MYH11,False,False,False,stable fold-local internal tissue-state predictor; not a validated biomarker
combined,elastic_net,A:F06428,137,150,0.9133333333333332,-0.0175706644419253,0.9635036496350364,True,-0.0023809523809523,abundance,F06428,SH3BGRL2,False,False,False,stable fold-local internal tissue-state predictor; not a validated biomarker
combined,elastic_net,D:F03043,136,150,0.9066666666666666,0.0222580419123485,1.0,True,0.0049450549450549,detection,F03043,HMGA2,False,False,True,stable fold-local internal tissue-state predictor; not a validated biomarker
combined,elastic_net,A:F04996,136,150,0.9066666666666666,-0.0180217250795083,0.9926470588235294,True,0.0016806722689075,abundance,F04996,PCBD1,False,False,True,stable fold-local internal tissue-state predictor; not a validated biomarker
combined,elastic_net,A:F01742,136,150,0.9066666666666666,-0.0186068489370733,0.9926470588235294,True,0.0004608294930875,abundance,F01742,DDAH2,False,False,True,stable fold-local internal tissue-state predictor; not a validated biomarker
combined,elastic_net,A:F00259,135,150,0.9,-0.0113968645878512,1.0,True,0.0,abundance,F00259,AKR7A2,False,False,False,stable fold-local internal tissue-state predictor; not a validated biomarker
combined,elastic_net,A:F02474,135,150,0.9,0.0197262399161678,1.0,True,-0.0002645502645502,abundance,F02474,FKBP9,False,False,False,stable fold-local internal tissue-state predictor; not a validated biomarker
combined,elastic_net,A:F00269,135,150,0.9,-0.0145951832760715,0.9851851851851852,True,0.0011904761904761,abundance,F00269,ALDH1A1,False,False,True,stable fold-local internal tissue-state predictor; not a validated biomarker
combined,elastic_net,A:F07332,134,150,0.8933333333333333,-0.0123850927191886,1.0,True,,abundance,F07332,TNS1,False,False,False,stable fold-local internal tissue-state predictor; not a validated biomarker
combined,elastic_net,D:F05365,134,150,0.8933333333333333,0.0156613690523125,0.9925373134328358,True,-0.0022857142857142,detection,F05365,POP4,False,False,False,stable fold-local internal tissue-state predictor; not a validated biomarker
combined,elastic_net,A:F04105,134,150,0.8933333333333333,-0.0199399105117348,0.9701492537313432,True,-0.0022448979591836,abundance,F04105,MGLL,False,False,False,stable fold-local internal tissue-state predictor; not a validated biomarker
combined,elastic_net,A:F06785,133,150,0.8866666666666667,-0.0111217862627289,1.0,True,0.0010204081632653,abundance,F06785,SPTBN1,False,False,True,stable fold-local internal tissue-state predictor; not a validated biomarker
combined,elastic_net,A:F02815,132,150,0.88,-0.0135073874122783,0.9924242424242424,True,0.0,abundance,F02815,GPX3,False,False,False,stable fold-local internal tissue-state predictor; not a validated biomarker
combined,elastic_net,D:F05239,132,150,0.88,0.0138260493679391,0.9924242424242424,True,0.0,detection,F05239,PLCG1,False,False,False,stable fold-local internal tissue-state predictor; not a validated biomarker
combined,elastic_net,D:F01212,131,150,0.8733333333333333,0.0203590915981814,0.9923664122137404,True,-0.0044265593561368,detection,F01212,CGAS,False,False,False,stable fold-local internal tissue-state predictor; not a validated biomarker
combined,elastic_net,D:F06565,130,150,0.8666666666666667,0.0155356677969734,0.9923076923076924,True,-0.0006211180124223,detection,F06565,SLC38A5,False,False,False,stable fold-local internal tissue-state predictor; not a validated biomarker
combined,elastic_net,A:F05666,130,150,0.8666666666666667,-0.0105616150118466,0.9846153846153848,True,0.0,abundance,F05666,PURA,False,False,False,stable fold-local internal tissue-state predictor; not a validated biomarker
combined,elastic_net,A:F07336,130,150,0.8666666666666667,-0.0152131986465889,0.9846153846153848,True,0.0,abundance,F07336,TNXB,False,False,False,stable fold-local internal tissue-state predictor; not a validated biomarker
combined,elastic_net,A:F01723,130,150,0.8666666666666667,-0.0145223009300574,0.9769230769230768,True,0.0,abundance,F01723,DCN,False,False,False,stable fold-local internal tissue-state predictor; not a validated biomarker
combined,elastic_net,A:F00276,129,150,0.86,-0.0153183147227115,1.0,True,0.0,abundance,F00276,ALDH3A2,False,False,False,stable fold-local internal tissue-state predictor; not a validated biomarker
combined,elastic_net,A:F03473,129,150,0.86,-0.0102257924280405,0.992248062015504,True,0.0,abundance,F03473,KANK2,False,False,False,stable fold-local internal tissue-state predictor; not a validated biomarker
combined,elastic_net,D:F01065,128,150,0.8533333333333334,0.0136502529391405,0.9921875,True,-0.0111111111111111,detection,F01065,CD276,False,False,False,stable fold-local internal tissue-state predictor; not a validated biomarker
combined,elastic_net,D:F01400,128,150,0.8533333333333334,-0.0166106176792063,0.953125,True,-0.0020905923344947,detection,F01400,COL21A1,False,False,False,stable fold-local internal tissue-state predictor; not a validated biomarker
combined,elastic_net,A:F03622,126,150,0.84,-0.0242218938288961,1.0,True,0.0004884004884004,abundance,F03622,KRT4,False,False,True,stable fold-local internal tissue-state predictor; not a validated biomarker
combined,elastic_net,A:F00280,126,150,0.84,-0.0097442478443928,0.984126984126984,True,,abundance,F00280,ALDH6A1,False,False,False,stable fold-local internal tissue-state predictor; not a validated biomarker
combined,elastic_net,A:F02084,125,150,0.8333333333333334,0.0138000848093354,0.952,True,0.0,abundance,F02084,EIF2AK2,False,False,False,stable fold-local internal tissue-state predictor; not a validated biomarker
combined,elastic_net,A:F00042,124,150,0.8266666666666667,-0.0142551252473915,1.0,True,0.0021428571428571,abundance,F00042,ABHD14B,False,False,True,stable fold-local internal tissue-state predictor; not a validated biomarker
combined,elastic_net,D:F06592,123,150,0.82,0.0096635422212403,0.951219512195122,True,-0.0035714285714285,detection,F06592,SLC7A8,False,False,False,stable fold-local internal tissue-state predictor; not a validated biomarker
combined,elastic_net,D:F03801,123,150,0.82,0.0145888017988212,0.951219512195122,True,-0.0036734693877551,detection,F03801,LONRF3,False,False,False,stable fold-local internal tissue-state predictor; not a validated biomarker
combined,elastic_net,A:F03884,123,150,0.82,-0.0115258418163412,0.951219512195122,True,,abundance,F03884,LUM,False,False,False,stable fold-local internal tissue-state predictor; not a validated biomarker
combined,elastic_net,A:F03000,122,150,0.8133333333333334,-0.011317991752915,1.0,True,0.0015873015873015,abundance,F03000,HIBCH,False,False,True,stable fold-local internal tissue-state predictor; not a validated biomarker
combined,elastic_net,A:F02533,121,150,0.8066666666666666,0.0112374330097261,0.9586776859504132,True,0.0,abundance,F02533,FSCN1,False,False,False,stable fold-local internal tissue-state predictor; not a validated biomarker
combined,elastic_net,A:F07730,119,150,0.7933333333333333,-0.0056387671360097,0.9495798319327732,True,0.0,abundance,F07730,UTRN,False,False,False,stable fold-local internal tissue-state predictor; not a validated biomarker
combined,elastic_net,A:F03402,118,150,0.7866666666666666,-0.0227043439819774,1.0,True,0.0028273809523809,abundance,F03402,ISOC1,False,False,True,stable fold-local internal tissue-state predictor; not a validated biomarker
combined,elastic_net,A:F02206,118,150,0.7866666666666666,-0.0200173832334116,1.0,True,0.0005194805194805,abundance,F02206,EPHX2,False,False,True,stable fold-local internal tissue-state predictor; not a validated biomarker
combined,elastic_net,D:F07766,118,150,0.7866666666666666,-0.0155376678356204,1.0,True,0.0,detection,F07766,VIT,False,False,False,stable fold-local internal tissue-state predictor; not a validated biomarker
combined,elastic_net,A:F01959,116,150,0.7733333333333333,-0.0066344520943019,1.0,True,0.0,abundance,F01959,DPT,False,False,False,stable fold-local internal tissue-state predictor; not a validated biomarker
combined,elastic_net,A:F01657,116,150,0.7733333333333333,-0.0045004261468109,0.9482758620689656,True,,abundance,F01657,CYBRD1,False,False,False,stable fold-local internal tissue-state predictor; not a validated biomarker
combined,elastic_net,D:F06570,115,150,0.7666666666666667,0.0158181883253123,1.0,True,0.0022556390977443,detection,F06570,SLC39A14,False,False,True,stable fold-local internal tissue-state predictor; not a validated biomarker
combined,elastic_net,A:F00436,114,150,0.76,-0.0087933665668633,0.9912280701754386,True,-0.0085714285714285,abundance,F00436,APPL1,False,False,False,stable fold-local internal tissue-state predictor; not a validated biomarker
combined,elastic_net,A:F03794,109,150,0.7266666666666667,-0.0072904332572682,0.981651376146789,True,,abundance,F03794,LMOD1,False,False,False,stable fold-local internal tissue-state predictor; not a validated biomarker
combined,elastic_net,A:F03706,108,150,0.72,-0.0132767692412597,1.0,True,0.0,abundance,F03706,LANCL1,False,False,False,stable fold-local internal tissue-state predictor; not a validated biomarker
combined,elastic_net,A:F04398,106,150,0.7066666666666667,-0.0111682781989533,0.9905660377358492,True,-0.0071428571428571,abundance,F04398,MYH14,False,False,False,stable fold-local internal tissue-state predictor; not a validated biomarker
combined,elastic_net,D:F00829,102,150,0.68,0.0122086129970625,1.0,True,-0.0062499999999999,detection,F00829,C1orf122,False,False,False,stable fold-local internal tissue-state predictor; not a validated biomarker
combined,elastic_net,A:F05488,102,150,0.68,-0.0066089459124225,1.0,True,,abundance,F05488,PRKAR2A,False,False,False,stable fold-local internal tissue-state predictor; not a validated biomarker
combined,elastic_net,D:F05228,101,150,0.6733333333333333,0.0095085869497035,0.9504950495049505,True,0.0,detection,F05228,PLAU,False,False,False,stable fold-local internal tissue-state predictor; not a validated biomarker
combined,elastic_net,D:F01099,97,150,0.6466666666666666,0.0214176287960124,1.0,True,-0.0012106537530266,detection,F01099,CDC123,False,False,False,stable fold-local internal tissue-state predictor; not a validated biomarker
combined,elastic_net,A:F04860,95,150,0.6333333333333333,-0.011283231836866,1.0,True,0.0,abundance,F04860,OLFML1,False,False,False,stable fold-local internal tissue-state predictor; not a validated biomarker
combined,elastic_net,D:F03204,94,150,0.6266666666666667,0.0072077234867406,0.925531914893617,True,-0.0142857142857142,detection,F03204,IFITM3,False,False,False,stable fold-local internal tissue-state predictor; not a validated biomarker
combined,elastic_net,D:F06704,93,150,0.62,0.0144200468289046,0.978494623655914,True,0.0,detection,F06704,SOAT1,False,False,False,stable fold-local internal tissue-state predictor; not a validated biomarker
combined,elastic_net,D:F04158,91,150,0.6066666666666667,0.0124078651488717,0.989010989010989,True,-0.0028571428571428,detection,F04158,MMP10,False,False,False,stable fold-local internal tissue-state predictor; not a validated biomarker
detection,elastic_net,D:F04586,149,150,0.9933333333333332,0.0524156561420083,1.0,True,0.0109073359073359,detection,F04586,NEDD1,False,False,True,stable fold-local internal tissue-state predictor; not a validated biomarker
detection,elastic_net,D:F04698,147,150,0.98,0.0379183307789166,1.0,True,0.0022660098522167,detection,F04698,NOMO1,False,False,True,stable fold-local internal tissue-state predictor; not a validated biomarker
detection,elastic_net,D:F06564,146,150,0.9733333333333334,0.0465451648231519,1.0,True,0.0069930069930069,detection,F06564,SLC38A2,False,False,True,stable fold-local internal tissue-state predictor; not a validated biomarker
detection,elastic_net,D:F03043,144,150,0.96,0.0374171871172117,1.0,True,0.0038690476190476,detection,F03043,HMGA2,False,False,True,stable fold-local internal tissue-state predictor; not a validated biomarker
detection,elastic_net,D:F00668,141,150,0.94,0.0289902031888877,1.0,True,0.0035398230088495,detection,F00668,BACH1,False,False,True,stable fold-local internal tissue-state predictor; not a validated biomarker
detection,elastic_net,D:F04501,141,150,0.94,0.0354269615626315,1.0,True,0.0009453781512605,detection,F04501,NCAPG,False,False,True,stable fold-local internal tissue-state predictor; not a validated biomarker
detection,elastic_net,D:F07766,140,150,0.9333333333333332,-0.0261571759027973,1.0,True,0.0004926108374384,detection,F07766,VIT,False,False,True,stable fold-local internal tissue-state predictor; not a validated biomarker
detection,elastic_net,D:F01400,138,150,0.92,-0.035667019710757,0.9927536231884058,True,0.0015037593984962,detection,F01400,COL21A1,False,False,True,stable fold-local internal tissue-state predictor; not a validated biomarker
detection,elastic_net,D:F05966,137,150,0.9133333333333332,0.0243217521928905,1.0,True,0.0017142857142857,detection,F05966,RMND1,False,False,True,stable fold-local internal tissue-state predictor; not a validated biomarker
detection,elastic_net,D:F01099,137,150,0.9133333333333332,0.020584658429691,1.0,True,-0.0012072434607645,detection,F01099,CDC123,False,False,False,stable fold-local internal tissue-state predictor; not a validated biomarker
detection,elastic_net,D:F03594,136,150,0.9066666666666666,0.0359352704500348,1.0,True,0.0014396456256921,detection,F03594,KPNA7,False,False,True,stable fold-local internal tissue-state predictor; not a validated biomarker
detection,elastic_net,D:F05239,135,150,0.9,0.0209308332437302,1.0,True,-0.0008658008658008,detection,F05239,PLCG1,False,False,False,stable fold-local internal tissue-state predictor; not a validated biomarker
detection,elastic_net,D:F06565,134,150,0.8933333333333333,0.0293026492313114,1.0,True,0.002641056422569,detection,F06565,SLC38A5,False,False,True,stable fold-local internal tissue-state predictor; not a validated biomarker
detection,elastic_net,D:F01212,134,150,0.8933333333333333,0.0295075304006269,0.9776119402985076,True,0.0015873015873015,detection,F01212,CGAS,False,False,True,stable fold-local internal tissue-state predictor; not a validated biomarker
detection,elastic_net,D:F00024,132,150,0.88,-0.0283800142698293,1.0,True,0.0045918367346938,detection,F00024,ABCA8,False,False,True,stable fold-local internal tissue-state predictor; not a validated biomarker
detection,elastic_net,D:F07862,132,150,0.88,0.0274380364014222,1.0,True,0.0003726708074534,detection,F07862,WDR75,False,False,True,stable fold-local internal tissue-state predictor; not a validated biomarker
detection,elastic_net,D:F05365,132,150,0.88,0.0221185371688395,1.0,True,-0.0005494505494505,detection,F05365,POP4,False,False,False,stable fold-local internal tissue-state predictor; not a validated biomarker
detection,elastic_net,D:F06592,132,150,0.88,0.0256281286684417,0.9924242424242424,True,-0.0008086253369272,detection,F06592,SLC7A8,False,False,False,stable fold-local internal tissue-state predictor; not a validated biomarker
detection,elastic_net,D:F01065,131,150,0.8733333333333333,0.0213585116415351,1.0,True,0.0002267573696145,detection,F01065,CD276,False,False,True,stable fold-local internal tissue-state predictor; not a validated biomarker
detection,elastic_net,D:F06570,131,150,0.8733333333333333,0.0197965578758601,0.9923664122137404,True,-0.0011904761904761,detection,F06570,SLC39A14,False,False,False,stable fold-local internal tissue-state predictor; not a validated biomarker
detection,elastic_net,D:F06704,129,150,0.86,0.0167310859173597,1.0,True,-0.0004329004329004,detection,F06704,SOAT1,False,False,False,stable fold-local internal tissue-state predictor; not a validated biomarker
detection,elastic_net,D:F04158,127,150,0.8466666666666667,0.018691480725032,1.0,True,0.0,detection,F04158,MMP10,False,False,False,stable fold-local internal tissue-state predictor; not a validated biomarker
detection,elastic_net,D:F03801,127,150,0.8466666666666667,0.0289061295877345,0.9921259842519684,True,0.0018159806295399,detection,F03801,LONRF3,False,False,True,stable fold-local internal tissue-state predictor; not a validated biomarker
detection,elastic_net,D:F05659,126,150,0.84,0.0129154697363601,1.0,True,0.0,detection,F05659,PTTG1IP,False,False,False,stable fold-local internal tissue-state predictor; not a validated biomarker
detection,elastic_net,D:F02508,126,150,0.84,0.0155836858113021,1.0,True,-0.0035714285714285,detection,F02508,FNDC3B,False,False,False,stable fold-local internal tissue-state predictor; not a validated biomarker
detection,elastic_net,D:F00829,126,150,0.84,0.0211654499954624,0.992063492063492,True,0.0004926108374384,detection,F00829,C1orf122,False,False,True,stable fold-local internal tissue-state predictor; not a validated biomarker
detection,elastic_net,D:F00695,126,150,0.84,0.0165074253120346,0.992063492063492,True,-0.0004081632653061,detection,F00695,BCAR1,False,False,False,stable fold-local internal tissue-state predictor; not a validated biomarker
detection,elastic_net,D:F05271,124,150,0.8266666666666667,0.0150089515490897,0.9919354838709676,True,-0.001058201058201,detection,F05271,PLOD2,False,False,False,stable fold-local internal tissue-state predictor; not a validated biomarker
detection,elastic_net,D:F05228,124,150,0.8266666666666667,0.0208173180693854,0.9758064516129032,True,0.0013186813186813,detection,F05228,PLAU,False,False,True,stable fold-local internal tissue-state predictor; not a validated biomarker
detection,elastic_net,D:F03204,124,150,0.8266666666666667,0.0169829244738232,0.967741935483871,True,0.0016806722689075,detection,F03204,IFITM3,False,False,True,stable fold-local internal tissue-state predictor; not a validated biomarker
detection,elastic_net,D:F03082,123,150,0.82,0.0200327629783008,1.0,True,0.0002341920374707,detection,F03082,HOMER3,False,False,True,stable fold-local internal tissue-state predictor; not a validated biomarker
detection,elastic_net,D:F05152,123,150,0.82,0.0141397218792909,0.983739837398374,True,0.0024844720496894,detection,F05152,PHLDB2,False,False,True,stable fold-local internal tissue-state predictor; not a validated biomarker
detection,elastic_net,D:F03526,122,150,0.8133333333333334,0.0121416361385563,1.0,True,0.0011904761904761,detection,F03526,KIDINS220,False,False,True,stable fold-local internal tissue-state predictor; not a validated biomarker
detection,elastic_net,D:F02465,122,150,0.8133333333333334,0.0183962460328777,1.0,True,0.0002801120448179,detection,F02465,FKBP14,False,False,True,stable fold-local internal tissue-state predictor; not a validated biomarker
detection,elastic_net,D:F06377,122,150,0.8133333333333334,0.0159811270074302,0.9918032786885246,True,-0.0009523809523809,detection,F06377,SERPINE1,False,False,False,stable fold-local internal tissue-state predictor; not a validated biomarker
detection,elastic_net,D:F02826,120,150,0.8,0.0169990133400078,0.9916666666666668,True,0.0020408163265306,detection,F02826,GREM1,False,False,True,stable fold-local internal tissue-state predictor; not a validated biomarker
detection,elastic_net,D:F00012,120,150,0.8,0.0107103313960534,0.9833333333333332,True,0.0,detection,F00012,AAR2,False,False,False,stable fold-local internal tissue-state predictor; not a validated biomarker
detection,elastic_net,D:F06750,118,150,0.7866666666666666,0.0111378133476818,1.0,True,0.0,detection,F06750,SPG21,False,False,False,stable fold-local internal tissue-state predictor; not a validated biomarker
detection,elastic_net,D:F03332,116,150,0.7733333333333333,0.0100134459353882,0.9741379310344828,True,0.0,detection,F03332,IL4I1,False,False,False,stable fold-local internal tissue-state predictor; not a validated biomarker
detection,elastic_net,D:F05626,114,150,0.76,0.0217078014835342,1.0,True,0.0007263922518159,detection,F05626,PTGS2,False,False,True,stable fold-local internal tissue-state predictor; not a validated biomarker
detection,elastic_net,D:F04488,114,150,0.76,0.0106191268063609,0.9824561403508772,True,0.0,detection,F04488,NAV1,False,False,False,stable fold-local internal tissue-state predictor; not a validated biomarker
detection,elastic_net,D:F03468,113,150,0.7533333333333333,0.0153770726774246,1.0,True,0.0,detection,F03468,JUN,False,False,False,stable fold-local internal tissue-state predictor; not a validated biomarker
detection,elastic_net,D:F04691,113,150,0.7533333333333333,0.0079656778284585,0.9823008849557522,True,0.0,detection,F04691,NOL11,False,False,False,stable fold-local internal tissue-state predictor; not a validated biomarker
detection,elastic_net,D:F07448,112,150,0.7466666666666667,0.0079975575472976,0.9821428571428572,True,0.0,detection,F07448,TRIP13,False,False,False,stable fold-local internal tissue-state predictor; not a validated biomarker
detection,elastic_net,D:F03808,111,150,0.74,0.0096094227295411,1.0,True,-0.0053571428571428,detection,F03808,LPCAT1,False,False,False,stable fold-local internal tissue-state predictor; not a validated biomarker
detection,elastic_net,D:F04526,109,150,0.7266666666666667,0.0087202586927524,0.9908256880733946,True,0.0,detection,F04526,NDE1,False,False,False,stable fold-local internal tissue-state predictor; not a validated biomarker
detection,elastic_net,D:F07313,107,150,0.7133333333333334,0.0119138519329606,0.9813084112149532,True,0.0,detection,F07313,TNIP1,False,False,False,stable fold-local internal tissue-state predictor; not a validated biomarker
detection,elastic_net,D:F04890,105,150,0.7,0.0087481981139745,0.9809523809523808,True,0.0,detection,F04890,OSBPL3,False,False,False,stable fold-local internal tissue-state predictor; not a validated biomarker
detection,elastic_net,D:F01827,104,150,0.6933333333333334,0.0125609505934309,1.0,True,-0.0014285714285714,detection,F01827,DHPS,False,False,False,stable fold-local internal tissue-state predictor; not a validated biomarker
detection,elastic_net,D:F03805,102,150,0.68,0.0299374312017002,1.0,True,0.0046583850931677,detection,F03805,LOXL2,False,False,True,stable fold-local internal tissue-state predictor; not a validated biomarker
detection,elastic_net,D:F04960,102,150,0.68,0.0097542357265776,0.9803921568627452,True,0.0,detection,F04960,PANX1,False,False,False,stable fold-local internal tissue-state predictor; not a validated biomarker
detection,elastic_net,D:F01162,101,150,0.6733333333333333,0.02001877172272,1.0,True,0.0020833333333333,detection,F01162,CEBPD,False,False,True,stable fold-local internal tissue-state predictor; not a validated biomarker
detection,elastic_net,D:F07357,100,150,0.6666666666666666,0.0091431452309328,1.0,True,-0.0142857142857142,detection,F07357,TOR1A,False,False,False,stable fold-local internal tissue-state predictor; not a validated biomarker
detection,elastic_net,D:F04694,99,150,0.66,0.0108119761746611,1.0,True,-0.0095238095238095,detection,F04694,NOL7,False,False,False,stable fold-local internal tissue-state predictor; not a validated biomarker
detection,elastic_net,D:F02220,98,150,0.6533333333333333,0.0098484152172122,0.979591836734694,True,0.0,detection,F02220,EPSTI1,False,False,False,stable fold-local internal tissue-state predictor; not a validated biomarker
detection,elastic_net,D:F01185,96,150,0.64,0.005609865353081,1.0,True,0.0,detection,F01185,CERS2,False,False,False,stable fold-local internal tissue-state predictor; not a validated biomarker
detection,elastic_net,D:F01451,95,150,0.6333333333333333,0.007685963102015,1.0,True,0.0,detection,F01451,COPZ2,False,False,False,stable fold-local internal tissue-state predictor; not a validated biomarker
detection,elastic_net,D:F04943,91,150,0.6066666666666667,0.00775486807301,0.989010989010989,True,0.0,detection,F04943,PAK1IP1,False,False,False,stable fold-local internal tissue-state predictor; not a validated biomarker
