left_out_patient,sample_id,label,probability,threshold,predicted_label
P1,P1N,0,0.6725661439673595,0.5,1
P1,P1T,1,0.43027588193310023,0.5,0
P10,P10N,0,0.20559151908131243,0.5,0
P10,P10T,1,0.8510197486315623,0.5,1
P11,P11N,0,0.1624278376618659,0.5,0
P11,P11T,1,0.7368952311827371,0.5,1
P12,P12N,0,0.2671617966251236,0.46486221272238554,0
P12,P12T,1,0.8464764890474119,0.46486221272238554,1
P13,P13N,0,0.1330031341666461,0.5,0
P13,P13T,1,0.768487549859138,0.5,1
P14,P14N,0,0.152388704698965,0.43897585719711074,0
P14,P14T,1,0.8126800601375329,0.43897585719711074,1
P15,P15N,0,0.2123912293851898,0.5,0
P15,P15T,1,0.8638151515215053,0.5,1
P16,P16N,0,0.24164785834371344,0.4417461529826752,0
P16,P16T,1,0.5695601376081298,0.4417461529826752,1
P17,P17N,0,0.3860277388957958,0.4756539815698078,0
P17,P17T,1,0.7289947688177738,0.4756539815698078,1
P18,P18N,0,0.12132016093145771,0.5,0
P18,P18T,1,0.7414389822932749,0.5,1
P19,P19N,0,0.16673213069622134,0.4661266425536427,0
P19,P19T,1,0.8391464260726682,0.4661266425536427,1
P2,P2N,0,0.11817914844783486,0.45038947358439385,0
P2,P2T,1,0.8207611396481934,0.45038947358439385,1
P20,P20N,0,0.14966461808988685,0.46154165845636813,0
P20,P20T,1,0.7226345369030174,0.46154165845636813,1
P21,P21N,0,0.2211951749906571,0.47379043899097417,0
P21,P21T,1,0.765950976675396,0.47379043899097417,1
P22,P22N,0,0.4125806102725679,0.4665357939059814,0
P22,P22T,1,0.8096583979107941,0.4665357939059814,1
P23,P23N,0,0.15858019985196273,0.4824202988352929,0
P23,P23T,1,0.7740285391434147,0.4824202988352929,1
P24,P24N,0,0.15352209246279863,0.5,0
P24,P24T,1,0.7035448033500358,0.5,1
P25,P25N,0,0.16999993480005104,0.5,0
P25,P25T,1,0.5964395267621448,0.5,1
P26,P26N,0,0.2201427879820327,0.46495482824404677,0
P26,P26T,1,0.8190368306359538,0.46495482824404677,1
P27,P27N,0,0.17897817080100942,0.4919977838918532,0
P27,P27T,1,0.8466870314856649,0.4919977838918532,1
P28,P28N,0,0.1648943282384038,0.5,0
P28,P28T,1,0.8198364569875676,0.5,1
P29,P29N,0,0.20632124822276193,0.4287648919662562,0
P29,P29T,1,0.7712332224294951,0.4287648919662562,1
P3,P3N,0,0.3896809318695825,0.46220765884687703,0
P3,P3T,1,0.7915145506580239,0.46220765884687703,1
P30,P30N,0,0.18975054344371192,0.4402867394423175,0
P30,P30T,1,0.8657789115240204,0.4402867394423175,1
P31,P31N,0,0.15151273237307972,0.5,0
P31,P31T,1,0.8067863112884123,0.5,1
P32,P32N,0,0.8030385653747916,0.4853923327486744,1
P32,P32T,1,0.8248287297804557,0.4853923327486744,1
P33,P33N,0,0.18697294576437104,0.5,0
P33,P33T,1,0.7418522817557565,0.5,1
P34,P34N,0,0.20334747311377305,0.4862997653449744,0
P34,P34T,1,0.8493872929380749,0.4862997653449744,1
P35,P35N,0,0.2036897155503641,0.471907011853343,0
P35,P35T,1,0.8154274513977654,0.471907011853343,1
P36,P36N,0,0.16312492269252635,0.46609096951889684,0
P36,P36T,1,0.7738078619252983,0.46609096951889684,1
P37,P37N,0,0.18634133904614356,0.4567747998670926,0
P37,P37T,1,0.7591654469174919,0.4567747998670926,1
P38,P38N,0,0.2901635587315977,0.4584142642148415,0
P38,P38T,1,0.8159539949829648,0.4584142642148415,1
P39,P39N,0,0.16306797903055503,0.5,0
P39,P39T,1,0.746483434174513,0.5,1
P4,P4N,0,0.259715868406272,0.4389250389856171,0
P4,P4T,1,0.7452096643361483,0.4389250389856171,1
P40,P40N,0,0.19710202556390835,0.5,0
P40,P40T,1,0.7397547895774541,0.5,1
P41,P41N,0,0.16786607400992148,0.4878144205338969,0
P41,P41T,1,0.7626018525978321,0.4878144205338969,1
P42,P42N,0,0.1789798325475586,0.5,0
P42,P42T,1,0.8427964538897397,0.5,1
P5,P5N,0,0.1864073403191608,0.4334790772560867,0
P5,P5T,1,0.8151427465984001,0.4334790772560867,1
P6,P6N,0,0.27307414742480646,0.5,0
P6,P6T,1,0.797544673386554,0.5,1
P7,P7N,0,0.2079297820123971,0.5,0
P7,P7T,1,0.7589648904942935,0.5,1
P8,P8N,0,0.22575362556275055,0.4681571585415965,0
P8,P8T,1,0.7330112497082708,0.4681571585415965,1
P9,P9N,0,0.2363762074458721,0.5,0
P9,P9T,1,0.6856958561258,0.5,1
