left_out_patient,C,l1_ratio,selector_k,selected_panel_size
P1,0.01,0.1,100,99
P10,0.01,0.1,100,98
P11,0.01,0.1,100,98
P12,0.01,0.1,100,99
P13,0.1,0.9,100,13
P14,0.01,0.1,100,99
P15,0.01,0.1,100,98
P16,0.01,0.1,100,97
P17,0.01,0.1,100,99
P18,0.01,0.1,100,99
P19,0.01,0.1,100,99
P2,0.01,0.1,100,99
P20,0.01,0.1,100,99
P21,0.01,0.1,100,99
P22,0.01,0.1,100,100
P23,0.01,0.1,100,99
P24,0.01,0.1,100,99
P25,0.01,0.1,100,98
P26,0.01,0.1,100,99
P27,0.01,0.1,100,99
P28,0.01,0.1,100,100
P29,0.01,0.1,100,98
P3,0.01,0.1,100,98
P30,0.01,0.1,100,99
P31,0.01,0.1,100,99
P32,0.01,0.1,100,100
P33,0.01,0.1,100,97
P34,0.01,0.1,100,99
P35,0.01,0.1,100,99
P36,0.01,0.1,100,99
P37,0.01,0.1,100,98
P38,0.01,0.1,100,99
P39,0.01,0.1,100,98
P4,0.01,0.1,100,99
P40,0.01,0.1,100,99
P41,0.01,0.1,100,99
P42,0.01,0.1,100,99
P5,0.01,0.1,100,99
P6,0.01,0.1,100,98
P7,0.01,0.1,100,99
P8,0.01,0.1,100,99
P9,0.01,0.1,100,98
