view,model,maximum_absolute_auc_change,maximum_absolute_balanced_accuracy_change,median_absolute_auc_change
abundance,elastic_net,0.022619755814282883,0.023519163763066286,0.0003847860778258827
abundance,linear_svm,0.022591765240698503,0.023519163763066286,0.0004967483721627364
abundance_pca,logistic_baseline,0.04034756873203371,0.023519163763066286,0.0008400544433518897
combined,elastic_net,0.03368480051151945,0.023519163763066286,0.0006926823872519527
combined,linear_svm,0.02296272464964577,0.023228803716608515,0.0006997643396045028
coverage,logistic_baseline,0.028520371067324413,0.019744483159117365,0.004270080032806267
detection,elastic_net,0.023914741387334404,0.022648083623693305,0.0011054590386621044
detection,linear_svm,0.023592681173203123,0.022938443670151076,0.0011123723731013557
intercept,null_baseline,0.0,0.0,0.0
