scenario_left,scenario_right,shared_eligible_features,statistic_spearman,effect_spearman
log2_median_centered__all_pairs__pairs20__no_imputation__moderated_t,log2_median_centered__all_pairs__pairs20__no_imputation__ordinary_t,4374,0.9986266831557142,1.0
log2_median_centered__all_pairs__pairs20__no_imputation__moderated_t,log2_median_centered__all_pairs__pairs30__no_imputation__moderated_t,3430,0.9999993059355913,1.0
log2_median_centered__all_pairs__pairs20__no_imputation__moderated_t,log2_median_centered__all_pairs__pairs30__no_imputation__ordinary_t,3430,0.9983651565619026,1.0
log2_median_centered__all_pairs__pairs20__no_imputation__moderated_t,log2_median_centered__all_pairs__pairs35__no_imputation__moderated_t,2845,0.9999987018998054,1.0
log2_median_centered__all_pairs__pairs20__no_imputation__moderated_t,log2_median_centered__all_pairs__pairs35__no_imputation__ordinary_t,2845,0.9982541177721023,1.0
log2_median_centered__all_pairs__pairs20__no_imputation__moderated_t,log2_median_centered__unflagged_pairs__pairs20__no_imputation__moderated_t,4212,0.9846871172486729,0.9786530122830734
log2_median_centered__all_pairs__pairs20__no_imputation__moderated_t,log2_median_centered__unflagged_pairs__pairs20__no_imputation__ordinary_t,4212,0.9838134270328207,0.9786530122830734
log2_median_centered__all_pairs__pairs20__no_imputation__moderated_t,log2_median_centered__unflagged_pairs__pairs30__no_imputation__moderated_t,3098,0.9845381087747866,0.9780716341865967
log2_median_centered__all_pairs__pairs20__no_imputation__moderated_t,log2_median_centered__unflagged_pairs__pairs30__no_imputation__ordinary_t,3098,0.9827575043996283,0.9780716341865967
log2_median_centered__all_pairs__pairs20__no_imputation__moderated_t,log2_median_centered__unflagged_pairs__pairs35__no_imputation__moderated_t,1790,0.9869607255403211,0.9790104491519517
log2_median_centered__all_pairs__pairs20__no_imputation__moderated_t,log2_median_centered__unflagged_pairs__pairs35__no_imputation__ordinary_t,1790,0.9839829756060675,0.9790104491519517
log2_median_centered__all_pairs__pairs20__no_imputation__moderated_t,log2_uncentered__all_pairs__pairs20__no_imputation__moderated_t,4374,0.9258203421051607,0.9802100653005889
log2_median_centered__all_pairs__pairs20__no_imputation__moderated_t,log2_uncentered__all_pairs__pairs20__no_imputation__ordinary_t,4374,0.9235575764721247,0.9802100653005889
log2_median_centered__all_pairs__pairs20__no_imputation__moderated_t,log2_uncentered__all_pairs__pairs30__no_imputation__moderated_t,3430,0.9451608627675281,0.9890103863653533
log2_median_centered__all_pairs__pairs20__no_imputation__moderated_t,log2_uncentered__all_pairs__pairs30__no_imputation__ordinary_t,3430,0.943177107441659,0.9890103863653533
log2_median_centered__all_pairs__pairs20__no_imputation__moderated_t,log2_uncentered__all_pairs__pairs35__no_imputation__moderated_t,2845,0.9527074667530929,0.9941528189314018
log2_median_centered__all_pairs__pairs20__no_imputation__moderated_t,log2_uncentered__all_pairs__pairs35__no_imputation__ordinary_t,2845,0.9505769737484485,0.9941528189314018
log2_median_centered__all_pairs__pairs20__no_imputation__moderated_t,log2_uncentered__unflagged_pairs__pairs20__no_imputation__moderated_t,4212,0.9313880099519847,0.9666080670617464
log2_median_centered__all_pairs__pairs20__no_imputation__moderated_t,log2_uncentered__unflagged_pairs__pairs20__no_imputation__ordinary_t,4212,0.9301212431190921,0.9666080670617464
log2_median_centered__all_pairs__pairs20__no_imputation__moderated_t,log2_uncentered__unflagged_pairs__pairs30__no_imputation__moderated_t,3098,0.9515853154287495,0.9735123372978068
log2_median_centered__all_pairs__pairs20__no_imputation__moderated_t,log2_uncentered__unflagged_pairs__pairs30__no_imputation__ordinary_t,3098,0.9502497979770651,0.9735123372978068
log2_median_centered__all_pairs__pairs20__no_imputation__moderated_t,log2_uncentered__unflagged_pairs__pairs35__no_imputation__moderated_t,1790,0.9608742928648132,0.9790104491519517
log2_median_centered__all_pairs__pairs20__no_imputation__moderated_t,log2_uncentered__unflagged_pairs__pairs35__no_imputation__ordinary_t,1790,0.958824265190852,0.9790104491519517
log2_median_centered__all_pairs__pairs20__no_imputation__ordinary_t,log2_median_centered__all_pairs__pairs30__no_imputation__moderated_t,3430,0.9983289727302042,1.0
log2_median_centered__all_pairs__pairs20__no_imputation__ordinary_t,log2_median_centered__all_pairs__pairs30__no_imputation__ordinary_t,3430,1.0,1.0
log2_median_centered__all_pairs__pairs20__no_imputation__ordinary_t,log2_median_centered__all_pairs__pairs35__no_imputation__moderated_t,2845,0.998192585425741,1.0
log2_median_centered__all_pairs__pairs20__no_imputation__ordinary_t,log2_median_centered__all_pairs__pairs35__no_imputation__ordinary_t,2845,1.0,1.0
log2_median_centered__all_pairs__pairs20__no_imputation__ordinary_t,log2_median_centered__unflagged_pairs__pairs20__no_imputation__moderated_t,4212,0.9831022000362153,0.9786530122830734
log2_median_centered__all_pairs__pairs20__no_imputation__ordinary_t,log2_median_centered__unflagged_pairs__pairs20__no_imputation__ordinary_t,4212,0.9848570187964775,0.9786530122830734
log2_median_centered__all_pairs__pairs20__no_imputation__ordinary_t,log2_median_centered__unflagged_pairs__pairs30__no_imputation__moderated_t,3098,0.9829561639927619,0.9780716341865967
log2_median_centered__all_pairs__pairs20__no_imputation__ordinary_t,log2_median_centered__unflagged_pairs__pairs30__no_imputation__ordinary_t,3098,0.9843656859618295,0.9780716341865967
log2_median_centered__all_pairs__pairs20__no_imputation__ordinary_t,log2_median_centered__unflagged_pairs__pairs35__no_imputation__moderated_t,1790,0.985484400140441,0.9790104491519517
log2_median_centered__all_pairs__pairs20__no_imputation__ordinary_t,log2_median_centered__unflagged_pairs__pairs35__no_imputation__ordinary_t,1790,0.9863437065455478,0.9790104491519517
log2_median_centered__all_pairs__pairs20__no_imputation__ordinary_t,log2_uncentered__all_pairs__pairs20__no_imputation__moderated_t,4374,0.9143382961888371,0.9802100653005889
log2_median_centered__all_pairs__pairs20__no_imputation__ordinary_t,log2_uncentered__all_pairs__pairs20__no_imputation__ordinary_t,4374,0.9124262922959234,0.9802100653005889
log2_median_centered__all_pairs__pairs20__no_imputation__ordinary_t,log2_uncentered__all_pairs__pairs30__no_imputation__moderated_t,3430,0.9327796027114512,0.9890103863653533
log2_median_centered__all_pairs__pairs20__no_imputation__ordinary_t,log2_uncentered__all_pairs__pairs30__no_imputation__ordinary_t,3430,0.9311322768193612,0.9890103863653533
log2_median_centered__all_pairs__pairs20__no_imputation__ordinary_t,log2_uncentered__all_pairs__pairs35__no_imputation__moderated_t,2845,0.9398013215702216,0.9941528189314018
log2_median_centered__all_pairs__pairs20__no_imputation__ordinary_t,log2_uncentered__all_pairs__pairs35__no_imputation__ordinary_t,2845,0.9380032182983623,0.9941528189314018
log2_median_centered__all_pairs__pairs20__no_imputation__ordinary_t,log2_uncentered__unflagged_pairs__pairs20__no_imputation__moderated_t,4212,0.9218772184311277,0.9666080670617464
log2_median_centered__all_pairs__pairs20__no_imputation__ordinary_t,log2_uncentered__unflagged_pairs__pairs20__no_imputation__ordinary_t,4212,0.9210918427696813,0.9666080670617464
log2_median_centered__all_pairs__pairs20__no_imputation__ordinary_t,log2_uncentered__unflagged_pairs__pairs30__no_imputation__moderated_t,3098,0.9417761425081809,0.9735123372978068
log2_median_centered__all_pairs__pairs20__no_imputation__ordinary_t,log2_uncentered__unflagged_pairs__pairs30__no_imputation__ordinary_t,3098,0.9409416898852946,0.9735123372978068
log2_median_centered__all_pairs__pairs20__no_imputation__ordinary_t,log2_uncentered__unflagged_pairs__pairs35__no_imputation__moderated_t,1790,0.9501007676582631,0.9790104491519517
log2_median_centered__all_pairs__pairs20__no_imputation__ordinary_t,log2_uncentered__unflagged_pairs__pairs35__no_imputation__ordinary_t,1790,0.9485569972266724,0.9790104491519517
log2_median_centered__all_pairs__pairs30__no_imputation__moderated_t,log2_median_centered__all_pairs__pairs30__no_imputation__ordinary_t,3430,0.9983289727302042,1.0
log2_median_centered__all_pairs__pairs30__no_imputation__moderated_t,log2_median_centered__all_pairs__pairs35__no_imputation__moderated_t,2845,0.9999996513733321,1.0
log2_median_centered__all_pairs__pairs30__no_imputation__moderated_t,log2_median_centered__all_pairs__pairs35__no_imputation__ordinary_t,2845,0.9982172425549305,1.0
log2_median_centered__all_pairs__pairs30__no_imputation__moderated_t,log2_median_centered__unflagged_pairs__pairs20__no_imputation__moderated_t,3430,0.9840576108430061,0.9778464650263698
log2_median_centered__all_pairs__pairs30__no_imputation__moderated_t,log2_median_centered__unflagged_pairs__pairs20__no_imputation__ordinary_t,3430,0.9825899280895374,0.9778464650263698
log2_median_centered__all_pairs__pairs30__no_imputation__moderated_t,log2_median_centered__unflagged_pairs__pairs30__no_imputation__moderated_t,3098,0.9845667682870677,0.9780716341865967
log2_median_centered__all_pairs__pairs30__no_imputation__moderated_t,log2_median_centered__unflagged_pairs__pairs30__no_imputation__ordinary_t,3098,0.9827480612735602,0.9780716341865967
log2_median_centered__all_pairs__pairs30__no_imputation__moderated_t,log2_median_centered__unflagged_pairs__pairs35__no_imputation__moderated_t,1790,0.9869606125565547,0.9790104491519517
log2_median_centered__all_pairs__pairs30__no_imputation__moderated_t,log2_median_centered__unflagged_pairs__pairs35__no_imputation__ordinary_t,1790,0.9839470614143716,0.9790104491519517
log2_median_centered__all_pairs__pairs30__no_imputation__moderated_t,log2_uncentered__all_pairs__pairs20__no_imputation__moderated_t,3430,0.9455163322852655,0.9890103863653533
log2_median_centered__all_pairs__pairs30__no_imputation__moderated_t,log2_uncentered__all_pairs__pairs20__no_imputation__ordinary_t,3430,0.9433539523171759,0.9890103863653533
log2_median_centered__all_pairs__pairs30__no_imputation__moderated_t,log2_uncentered__all_pairs__pairs30__no_imputation__moderated_t,3430,0.9453435358214279,0.9890103863653533
log2_median_centered__all_pairs__pairs30__no_imputation__moderated_t,log2_uncentered__all_pairs__pairs30__no_imputation__ordinary_t,3430,0.9433539523171759,0.9890103863653533
log2_median_centered__all_pairs__pairs30__no_imputation__moderated_t,log2_uncentered__all_pairs__pairs35__no_imputation__moderated_t,2845,0.9528562704120199,0.9941528189314018
log2_median_centered__all_pairs__pairs30__no_imputation__moderated_t,log2_uncentered__all_pairs__pairs35__no_imputation__ordinary_t,2845,0.950720852339154,0.9941528189314018
log2_median_centered__all_pairs__pairs30__no_imputation__moderated_t,log2_uncentered__unflagged_pairs__pairs20__no_imputation__moderated_t,3430,0.9462844275545327,0.9718880437026606
log2_median_centered__all_pairs__pairs30__no_imputation__moderated_t,log2_uncentered__unflagged_pairs__pairs20__no_imputation__ordinary_t,3430,0.944769659638107,0.9718880437026606
log2_median_centered__all_pairs__pairs30__no_imputation__moderated_t,log2_uncentered__unflagged_pairs__pairs30__no_imputation__moderated_t,3098,0.951727298911238,0.9735123372978068
log2_median_centered__all_pairs__pairs30__no_imputation__moderated_t,log2_uncentered__unflagged_pairs__pairs30__no_imputation__ordinary_t,3098,0.950384063667443,0.9735123372978068
log2_median_centered__all_pairs__pairs30__no_imputation__moderated_t,log2_uncentered__unflagged_pairs__pairs35__no_imputation__moderated_t,1790,0.9609660252217326,0.9790104491519517
log2_median_centered__all_pairs__pairs30__no_imputation__moderated_t,log2_uncentered__unflagged_pairs__pairs35__no_imputation__ordinary_t,1790,0.9589117481027766,0.9790104491519517
log2_median_centered__all_pairs__pairs30__no_imputation__ordinary_t,log2_median_centered__all_pairs__pairs35__no_imputation__moderated_t,2845,0.998192585425741,1.0
log2_median_centered__all_pairs__pairs30__no_imputation__ordinary_t,log2_median_centered__all_pairs__pairs35__no_imputation__ordinary_t,2845,1.0,1.0
log2_median_centered__all_pairs__pairs30__no_imputation__ordinary_t,log2_median_centered__unflagged_pairs__pairs20__no_imputation__moderated_t,3430,0.9823841537530373,0.9778464650263698
log2_median_centered__all_pairs__pairs30__no_imputation__ordinary_t,log2_median_centered__unflagged_pairs__pairs20__no_imputation__ordinary_t,3430,0.9838750992616743,0.9778464650263698
log2_median_centered__all_pairs__pairs30__no_imputation__ordinary_t,log2_median_centered__unflagged_pairs__pairs30__no_imputation__moderated_t,3098,0.9829561639927619,0.9780716341865967
log2_median_centered__all_pairs__pairs30__no_imputation__ordinary_t,log2_median_centered__unflagged_pairs__pairs30__no_imputation__ordinary_t,3098,0.9843656859618295,0.9780716341865967
log2_median_centered__all_pairs__pairs30__no_imputation__ordinary_t,log2_median_centered__unflagged_pairs__pairs35__no_imputation__moderated_t,1790,0.985484400140441,0.9790104491519517
log2_median_centered__all_pairs__pairs30__no_imputation__ordinary_t,log2_median_centered__unflagged_pairs__pairs35__no_imputation__ordinary_t,1790,0.9863437065455478,0.9790104491519517
log2_median_centered__all_pairs__pairs30__no_imputation__ordinary_t,log2_uncentered__all_pairs__pairs20__no_imputation__moderated_t,3430,0.9329163711661056,0.9890103863653533
log2_median_centered__all_pairs__pairs30__no_imputation__ordinary_t,log2_uncentered__all_pairs__pairs20__no_imputation__ordinary_t,3430,0.9311322768193612,0.9890103863653533
log2_median_centered__all_pairs__pairs30__no_imputation__ordinary_t,log2_uncentered__all_pairs__pairs30__no_imputation__moderated_t,3430,0.9327796027114512,0.9890103863653533
log2_median_centered__all_pairs__pairs30__no_imputation__ordinary_t,log2_uncentered__all_pairs__pairs30__no_imputation__ordinary_t,3430,0.9311322768193612,0.9890103863653533
log2_median_centered__all_pairs__pairs30__no_imputation__ordinary_t,log2_uncentered__all_pairs__pairs35__no_imputation__moderated_t,2845,0.9398013215702216,0.9941528189314018
log2_median_centered__all_pairs__pairs30__no_imputation__ordinary_t,log2_uncentered__all_pairs__pairs35__no_imputation__ordinary_t,2845,0.9380032182983623,0.9941528189314018
log2_median_centered__all_pairs__pairs30__no_imputation__ordinary_t,log2_uncentered__unflagged_pairs__pairs20__no_imputation__moderated_t,3430,0.9365169266344161,0.9718880437026606
log2_median_centered__all_pairs__pairs30__no_imputation__ordinary_t,log2_uncentered__unflagged_pairs__pairs20__no_imputation__ordinary_t,3430,0.935539326506795,0.9718880437026606
log2_median_centered__all_pairs__pairs30__no_imputation__ordinary_t,log2_uncentered__unflagged_pairs__pairs30__no_imputation__moderated_t,3098,0.9417761425081809,0.9735123372978068
log2_median_centered__all_pairs__pairs30__no_imputation__ordinary_t,log2_uncentered__unflagged_pairs__pairs30__no_imputation__ordinary_t,3098,0.9409416898852946,0.9735123372978068
log2_median_centered__all_pairs__pairs30__no_imputation__ordinary_t,log2_uncentered__unflagged_pairs__pairs35__no_imputation__moderated_t,1790,0.9501007676582631,0.9790104491519517
log2_median_centered__all_pairs__pairs30__no_imputation__ordinary_t,log2_uncentered__unflagged_pairs__pairs35__no_imputation__ordinary_t,1790,0.9485569972266724,0.9790104491519517
log2_median_centered__all_pairs__pairs35__no_imputation__moderated_t,log2_median_centered__all_pairs__pairs35__no_imputation__ordinary_t,2845,0.998192585425741,1.0
log2_median_centered__all_pairs__pairs35__no_imputation__moderated_t,log2_median_centered__unflagged_pairs__pairs20__no_imputation__moderated_t,2845,0.9846572973015115,0.9785949161299864
log2_median_centered__all_pairs__pairs35__no_imputation__moderated_t,log2_median_centered__unflagged_pairs__pairs20__no_imputation__ordinary_t,2845,0.9825402303319596,0.9785949161299864
log2_median_centered__all_pairs__pairs35__no_imputation__moderated_t,log2_median_centered__unflagged_pairs__pairs30__no_imputation__moderated_t,2824,0.9845496779599522,0.9784466224271825
log2_median_centered__all_pairs__pairs35__no_imputation__moderated_t,log2_median_centered__unflagged_pairs__pairs30__no_imputation__ordinary_t,2824,0.9824484091067912,0.9784466224271825
log2_median_centered__all_pairs__pairs35__no_imputation__moderated_t,log2_median_centered__unflagged_pairs__pairs35__no_imputation__moderated_t,1790,0.9869629831233586,0.9790104491519517
log2_median_centered__all_pairs__pairs35__no_imputation__moderated_t,log2_median_centered__unflagged_pairs__pairs35__no_imputation__ordinary_t,1790,0.9839222196317905,0.9790104491519517
log2_median_centered__all_pairs__pairs35__no_imputation__moderated_t,log2_uncentered__all_pairs__pairs20__no_imputation__moderated_t,2845,0.9532718573717337,0.9941528189314018
log2_median_centered__all_pairs__pairs35__no_imputation__moderated_t,log2_uncentered__all_pairs__pairs20__no_imputation__ordinary_t,2845,0.9508125593919273,0.9941528189314018
log2_median_centered__all_pairs__pairs35__no_imputation__moderated_t,log2_uncentered__all_pairs__pairs30__no_imputation__moderated_t,2845,0.9530834827620711,0.9941528189314018
log2_median_centered__all_pairs__pairs35__no_imputation__moderated_t,log2_uncentered__all_pairs__pairs30__no_imputation__ordinary_t,2845,0.9508125593919273,0.9941528189314018
log2_median_centered__all_pairs__pairs35__no_imputation__moderated_t,log2_uncentered__all_pairs__pairs35__no_imputation__moderated_t,2845,0.952951146892888,0.9941528189314018
log2_median_centered__all_pairs__pairs35__no_imputation__moderated_t,log2_uncentered__all_pairs__pairs35__no_imputation__ordinary_t,2845,0.9508125593919273,0.9941528189314018
log2_median_centered__all_pairs__pairs35__no_imputation__moderated_t,log2_uncentered__unflagged_pairs__pairs20__no_imputation__moderated_t,2845,0.9546087067170548,0.9759365168868012
log2_median_centered__all_pairs__pairs35__no_imputation__moderated_t,log2_uncentered__unflagged_pairs__pairs20__no_imputation__ordinary_t,2845,0.9525843275407686,0.9759365168868012
log2_median_centered__all_pairs__pairs35__no_imputation__moderated_t,log2_uncentered__unflagged_pairs__pairs30__no_imputation__moderated_t,2824,0.9546370732448858,0.9758344677468287
log2_median_centered__all_pairs__pairs35__no_imputation__moderated_t,log2_uncentered__unflagged_pairs__pairs30__no_imputation__ordinary_t,2824,0.9529003079187682,0.9758344677468287
log2_median_centered__all_pairs__pairs35__no_imputation__moderated_t,log2_uncentered__unflagged_pairs__pairs35__no_imputation__moderated_t,1790,0.9610347883973854,0.9790104491519517
log2_median_centered__all_pairs__pairs35__no_imputation__moderated_t,log2_uncentered__unflagged_pairs__pairs35__no_imputation__ordinary_t,1790,0.9589767388760043,0.9790104491519517
log2_median_centered__all_pairs__pairs35__no_imputation__ordinary_t,log2_median_centered__unflagged_pairs__pairs20__no_imputation__moderated_t,2845,0.9830495421059697,0.9785949161299864
log2_median_centered__all_pairs__pairs35__no_imputation__ordinary_t,log2_median_centered__unflagged_pairs__pairs20__no_imputation__ordinary_t,2845,0.9841508214412948,0.9785949161299864
log2_median_centered__all_pairs__pairs35__no_imputation__ordinary_t,log2_median_centered__unflagged_pairs__pairs30__no_imputation__moderated_t,2824,0.9828792097859022,0.9784466224271825
log2_median_centered__all_pairs__pairs35__no_imputation__ordinary_t,log2_median_centered__unflagged_pairs__pairs30__no_imputation__ordinary_t,2824,0.9840499090608748,0.9784466224271825
log2_median_centered__all_pairs__pairs35__no_imputation__ordinary_t,log2_median_centered__unflagged_pairs__pairs35__no_imputation__moderated_t,1790,0.985484400140441,0.9790104491519517
log2_median_centered__all_pairs__pairs35__no_imputation__ordinary_t,log2_median_centered__unflagged_pairs__pairs35__no_imputation__ordinary_t,1790,0.9863437065455478,0.9790104491519517
log2_median_centered__all_pairs__pairs35__no_imputation__ordinary_t,log2_uncentered__all_pairs__pairs20__no_imputation__moderated_t,2845,0.9400570603364736,0.9941528189314018
log2_median_centered__all_pairs__pairs35__no_imputation__ordinary_t,log2_uncentered__all_pairs__pairs20__no_imputation__ordinary_t,2845,0.9380032182983623,0.9941528189314018
log2_median_centered__all_pairs__pairs35__no_imputation__ordinary_t,log2_uncentered__all_pairs__pairs30__no_imputation__moderated_t,2845,0.9399058168119862,0.9941528189314018
log2_median_centered__all_pairs__pairs35__no_imputation__ordinary_t,log2_uncentered__all_pairs__pairs30__no_imputation__ordinary_t,2845,0.9380032182983623,0.9941528189314018
log2_median_centered__all_pairs__pairs35__no_imputation__ordinary_t,log2_uncentered__all_pairs__pairs35__no_imputation__moderated_t,2845,0.9398013215702216,0.9941528189314018
log2_median_centered__all_pairs__pairs35__no_imputation__ordinary_t,log2_uncentered__all_pairs__pairs35__no_imputation__ordinary_t,2845,0.9380032182983623,0.9941528189314018
log2_median_centered__all_pairs__pairs35__no_imputation__ordinary_t,log2_uncentered__unflagged_pairs__pairs20__no_imputation__moderated_t,2845,0.9447691635220048,0.9759365168868012
log2_median_centered__all_pairs__pairs35__no_imputation__ordinary_t,log2_uncentered__unflagged_pairs__pairs20__no_imputation__ordinary_t,2845,0.9433375846505547,0.9759365168868012
log2_median_centered__all_pairs__pairs35__no_imputation__ordinary_t,log2_uncentered__unflagged_pairs__pairs30__no_imputation__moderated_t,2824,0.9447282244359876,0.9758344677468287
log2_median_centered__all_pairs__pairs35__no_imputation__ordinary_t,log2_uncentered__unflagged_pairs__pairs30__no_imputation__ordinary_t,2824,0.9435258495886127,0.9758344677468287
log2_median_centered__all_pairs__pairs35__no_imputation__ordinary_t,log2_uncentered__unflagged_pairs__pairs35__no_imputation__moderated_t,1790,0.9501007676582631,0.9790104491519517
log2_median_centered__all_pairs__pairs35__no_imputation__ordinary_t,log2_uncentered__unflagged_pairs__pairs35__no_imputation__ordinary_t,1790,0.9485569972266724,0.9790104491519517
log2_median_centered__unflagged_pairs__pairs20__no_imputation__moderated_t,log2_median_centered__unflagged_pairs__pairs20__no_imputation__ordinary_t,4212,0.9983960009431033,1.0
log2_median_centered__unflagged_pairs__pairs20__no_imputation__moderated_t,log2_median_centered__unflagged_pairs__pairs30__no_imputation__moderated_t,3098,0.9999994446644385,1.0
log2_median_centered__unflagged_pairs__pairs20__no_imputation__moderated_t,log2_median_centered__unflagged_pairs__pairs30__no_imputation__ordinary_t,3098,0.9980493285485651,1.0
log2_median_centered__unflagged_pairs__pairs20__no_imputation__moderated_t,log2_median_centered__unflagged_pairs__pairs35__no_imputation__moderated_t,1790,0.9999978637698971,1.0
log2_median_centered__unflagged_pairs__pairs20__no_imputation__moderated_t,log2_median_centered__unflagged_pairs__pairs35__no_imputation__ordinary_t,1790,0.997666548363248,1.0
log2_median_centered__unflagged_pairs__pairs20__no_imputation__moderated_t,log2_uncentered__all_pairs__pairs20__no_imputation__moderated_t,4212,0.9337271973510646,0.9757556973142412
log2_median_centered__unflagged_pairs__pairs20__no_imputation__moderated_t,log2_uncentered__all_pairs__pairs20__no_imputation__ordinary_t,4212,0.931891419019189,0.9757556973142412
log2_median_centered__unflagged_pairs__pairs20__no_imputation__moderated_t,log2_uncentered__all_pairs__pairs30__no_imputation__moderated_t,3430,0.9450589259976714,0.9787505433929206
log2_median_centered__unflagged_pairs__pairs20__no_imputation__moderated_t,log2_uncentered__all_pairs__pairs30__no_imputation__ordinary_t,3430,0.9430978767480617,0.9787505433929206
log2_median_centered__unflagged_pairs__pairs20__no_imputation__moderated_t,log2_uncentered__all_pairs__pairs35__no_imputation__moderated_t,2845,0.9481934137397753,0.9804167213252313
log2_median_centered__unflagged_pairs__pairs20__no_imputation__moderated_t,log2_uncentered__all_pairs__pairs35__no_imputation__ordinary_t,2845,0.9460919849431426,0.9804167213252313
log2_median_centered__unflagged_pairs__pairs20__no_imputation__moderated_t,log2_uncentered__unflagged_pairs__pairs20__no_imputation__moderated_t,4212,0.9580239609771861,0.9944322076881773
log2_median_centered__unflagged_pairs__pairs20__no_imputation__moderated_t,log2_uncentered__unflagged_pairs__pairs20__no_imputation__ordinary_t,4212,0.9565855172835026,0.9944322076881773
log2_median_centered__unflagged_pairs__pairs20__no_imputation__moderated_t,log2_uncentered__unflagged_pairs__pairs30__no_imputation__moderated_t,3098,0.9708091082681685,0.9985319361380918
log2_median_centered__unflagged_pairs__pairs20__no_imputation__moderated_t,log2_uncentered__unflagged_pairs__pairs30__no_imputation__ordinary_t,3098,0.9692193964564323,0.9985319361380918
log2_median_centered__unflagged_pairs__pairs20__no_imputation__moderated_t,log2_uncentered__unflagged_pairs__pairs35__no_imputation__moderated_t,1790,0.9726345848110998,1.0
log2_median_centered__unflagged_pairs__pairs20__no_imputation__moderated_t,log2_uncentered__unflagged_pairs__pairs35__no_imputation__ordinary_t,1790,0.9706342427945925,1.0
log2_median_centered__unflagged_pairs__pairs20__no_imputation__ordinary_t,log2_median_centered__unflagged_pairs__pairs30__no_imputation__moderated_t,3098,0.9980174403411587,1.0
log2_median_centered__unflagged_pairs__pairs20__no_imputation__ordinary_t,log2_median_centered__unflagged_pairs__pairs30__no_imputation__ordinary_t,3098,1.0,1.0
log2_median_centered__unflagged_pairs__pairs20__no_imputation__ordinary_t,log2_median_centered__unflagged_pairs__pairs35__no_imputation__moderated_t,1790,0.9977555314485163,1.0
log2_median_centered__unflagged_pairs__pairs20__no_imputation__ordinary_t,log2_median_centered__unflagged_pairs__pairs35__no_imputation__ordinary_t,1790,1.0,1.0
log2_median_centered__unflagged_pairs__pairs20__no_imputation__ordinary_t,log2_uncentered__all_pairs__pairs20__no_imputation__moderated_t,4212,0.9209257695064791,0.9757556973142412
log2_median_centered__unflagged_pairs__pairs20__no_imputation__ordinary_t,log2_uncentered__all_pairs__pairs20__no_imputation__ordinary_t,4212,0.9195842776543081,0.9757556973142412
log2_median_centered__unflagged_pairs__pairs20__no_imputation__ordinary_t,log2_uncentered__all_pairs__pairs30__no_imputation__moderated_t,3430,0.932500393743646,0.9787505433929206
log2_median_centered__unflagged_pairs__pairs20__no_imputation__ordinary_t,log2_uncentered__all_pairs__pairs30__no_imputation__ordinary_t,3430,0.9310193066854278,0.9787505433929206
log2_median_centered__unflagged_pairs__pairs20__no_imputation__ordinary_t,log2_uncentered__all_pairs__pairs35__no_imputation__moderated_t,2845,0.9356833178319536,0.9804167213252313
log2_median_centered__unflagged_pairs__pairs20__no_imputation__ordinary_t,log2_uncentered__all_pairs__pairs35__no_imputation__ordinary_t,2845,0.9340682472086588,0.9804167213252313
log2_median_centered__unflagged_pairs__pairs20__no_imputation__ordinary_t,log2_uncentered__unflagged_pairs__pairs20__no_imputation__moderated_t,4212,0.9463357237494723,0.9944322076881773
log2_median_centered__unflagged_pairs__pairs20__no_imputation__ordinary_t,log2_uncentered__unflagged_pairs__pairs20__no_imputation__ordinary_t,4212,0.9456114885504406,0.9944322076881773
log2_median_centered__unflagged_pairs__pairs20__no_imputation__ordinary_t,log2_uncentered__unflagged_pairs__pairs30__no_imputation__moderated_t,3098,0.9592928487640344,0.9985319361380918
log2_median_centered__unflagged_pairs__pairs20__no_imputation__ordinary_t,log2_uncentered__unflagged_pairs__pairs30__no_imputation__ordinary_t,3098,0.9584995216453083,0.9985319361380918
log2_median_centered__unflagged_pairs__pairs20__no_imputation__ordinary_t,log2_uncentered__unflagged_pairs__pairs35__no_imputation__moderated_t,1790,0.9606676685711389,1.0
log2_median_centered__unflagged_pairs__pairs20__no_imputation__ordinary_t,log2_uncentered__unflagged_pairs__pairs35__no_imputation__ordinary_t,1790,0.9594405058530117,1.0
log2_median_centered__unflagged_pairs__pairs30__no_imputation__moderated_t,log2_median_centered__unflagged_pairs__pairs30__no_imputation__ordinary_t,3098,0.9980174403411587,1.0
log2_median_centered__unflagged_pairs__pairs30__no_imputation__moderated_t,log2_median_centered__unflagged_pairs__pairs35__no_imputation__moderated_t,1790,0.9999967653166119,1.0
log2_median_centered__unflagged_pairs__pairs30__no_imputation__moderated_t,log2_median_centered__unflagged_pairs__pairs35__no_imputation__ordinary_t,1790,0.9976364716661534,1.0
log2_median_centered__unflagged_pairs__pairs30__no_imputation__moderated_t,log2_uncentered__all_pairs__pairs20__no_imputation__moderated_t,3098,0.9461309019643614,0.9798768722948015
log2_median_centered__unflagged_pairs__pairs30__no_imputation__moderated_t,log2_uncentered__all_pairs__pairs20__no_imputation__ordinary_t,3098,0.9440723723199795,0.9798768722948015
log2_median_centered__unflagged_pairs__pairs30__no_imputation__moderated_t,log2_uncentered__all_pairs__pairs30__no_imputation__moderated_t,3098,0.9459844640933606,0.9798768722948015
log2_median_centered__unflagged_pairs__pairs30__no_imputation__moderated_t,log2_uncentered__all_pairs__pairs30__no_imputation__ordinary_t,3098,0.9440723723199795,0.9798768722948015
log2_median_centered__unflagged_pairs__pairs30__no_imputation__moderated_t,log2_uncentered__all_pairs__pairs35__no_imputation__moderated_t,2824,0.947976095407583,0.980324658099446
log2_median_centered__unflagged_pairs__pairs30__no_imputation__moderated_t,log2_uncentered__all_pairs__pairs35__no_imputation__ordinary_t,2824,0.945917175741855,0.980324658099446
log2_median_centered__unflagged_pairs__pairs30__no_imputation__moderated_t,log2_uncentered__unflagged_pairs__pairs20__no_imputation__moderated_t,3098,0.9710386507337635,0.9985319361380918
log2_median_centered__unflagged_pairs__pairs30__no_imputation__moderated_t,log2_uncentered__unflagged_pairs__pairs20__no_imputation__ordinary_t,3098,0.9693036266548646,0.9985319361380918
log2_median_centered__unflagged_pairs__pairs30__no_imputation__moderated_t,log2_uncentered__unflagged_pairs__pairs30__no_imputation__moderated_t,3098,0.970901359756053,0.9985319361380918
log2_median_centered__unflagged_pairs__pairs30__no_imputation__moderated_t,log2_uncentered__unflagged_pairs__pairs30__no_imputation__ordinary_t,3098,0.9693036266548646,0.9985319361380918
log2_median_centered__unflagged_pairs__pairs30__no_imputation__moderated_t,log2_uncentered__unflagged_pairs__pairs35__no_imputation__moderated_t,1790,0.9727012033874815,1.0
log2_median_centered__unflagged_pairs__pairs30__no_imputation__moderated_t,log2_uncentered__unflagged_pairs__pairs35__no_imputation__ordinary_t,1790,0.9706974613965201,1.0
log2_median_centered__unflagged_pairs__pairs30__no_imputation__ordinary_t,log2_median_centered__unflagged_pairs__pairs35__no_imputation__moderated_t,1790,0.9977555314485163,1.0
log2_median_centered__unflagged_pairs__pairs30__no_imputation__ordinary_t,log2_median_centered__unflagged_pairs__pairs35__no_imputation__ordinary_t,1790,1.0,1.0
log2_median_centered__unflagged_pairs__pairs30__no_imputation__ordinary_t,log2_uncentered__all_pairs__pairs20__no_imputation__moderated_t,3098,0.9328662241396007,0.9798768722948015
log2_median_centered__unflagged_pairs__pairs30__no_imputation__ordinary_t,log2_uncentered__all_pairs__pairs20__no_imputation__ordinary_t,3098,0.9314018107211186,0.9798768722948015
log2_median_centered__unflagged_pairs__pairs30__no_imputation__ordinary_t,log2_uncentered__all_pairs__pairs30__no_imputation__moderated_t,3098,0.9327738487505407,0.9798768722948015
log2_median_centered__unflagged_pairs__pairs30__no_imputation__ordinary_t,log2_uncentered__all_pairs__pairs30__no_imputation__ordinary_t,3098,0.9314018107211186,0.9798768722948015
log2_median_centered__unflagged_pairs__pairs30__no_imputation__ordinary_t,log2_uncentered__all_pairs__pairs35__no_imputation__moderated_t,2824,0.9352196761528653,0.980324658099446
log2_median_centered__unflagged_pairs__pairs30__no_imputation__ordinary_t,log2_uncentered__all_pairs__pairs35__no_imputation__ordinary_t,2824,0.9336586604874224,0.980324658099446
log2_median_centered__unflagged_pairs__pairs30__no_imputation__ordinary_t,log2_uncentered__unflagged_pairs__pairs20__no_imputation__moderated_t,3098,0.9593324583958331,0.9985319361380918
log2_median_centered__unflagged_pairs__pairs30__no_imputation__ordinary_t,log2_uncentered__unflagged_pairs__pairs20__no_imputation__ordinary_t,3098,0.9584995216453083,0.9985319361380918
log2_median_centered__unflagged_pairs__pairs30__no_imputation__ordinary_t,log2_uncentered__unflagged_pairs__pairs30__no_imputation__moderated_t,3098,0.9592928487640344,0.9985319361380918
log2_median_centered__unflagged_pairs__pairs30__no_imputation__ordinary_t,log2_uncentered__unflagged_pairs__pairs30__no_imputation__ordinary_t,3098,0.9584995216453083,0.9985319361380918
log2_median_centered__unflagged_pairs__pairs30__no_imputation__ordinary_t,log2_uncentered__unflagged_pairs__pairs35__no_imputation__moderated_t,1790,0.9606676685711389,1.0
log2_median_centered__unflagged_pairs__pairs30__no_imputation__ordinary_t,log2_uncentered__unflagged_pairs__pairs35__no_imputation__ordinary_t,1790,0.9594405058530117,1.0
log2_median_centered__unflagged_pairs__pairs35__no_imputation__moderated_t,log2_median_centered__unflagged_pairs__pairs35__no_imputation__ordinary_t,1790,0.9977555314485163,1.0
log2_median_centered__unflagged_pairs__pairs35__no_imputation__moderated_t,log2_uncentered__all_pairs__pairs20__no_imputation__moderated_t,1790,0.9473426184124928,0.9805294489388882
log2_median_centered__unflagged_pairs__pairs35__no_imputation__moderated_t,log2_uncentered__all_pairs__pairs20__no_imputation__ordinary_t,1790,0.9448270013752166,0.9805294489388882
log2_median_centered__unflagged_pairs__pairs35__no_imputation__moderated_t,log2_uncentered__all_pairs__pairs30__no_imputation__moderated_t,1790,0.9471625536731084,0.9805294489388882
log2_median_centered__unflagged_pairs__pairs35__no_imputation__moderated_t,log2_uncentered__all_pairs__pairs30__no_imputation__ordinary_t,1790,0.9448270013752166,0.9805294489388882
log2_median_centered__unflagged_pairs__pairs35__no_imputation__moderated_t,log2_uncentered__all_pairs__pairs35__no_imputation__moderated_t,1790,0.947027362319643,0.9805294489388882
log2_median_centered__unflagged_pairs__pairs35__no_imputation__moderated_t,log2_uncentered__all_pairs__pairs35__no_imputation__ordinary_t,1790,0.9448270013752166,0.9805294489388882
log2_median_centered__unflagged_pairs__pairs35__no_imputation__moderated_t,log2_uncentered__unflagged_pairs__pairs20__no_imputation__moderated_t,1790,0.9729955512066571,1.0
log2_median_centered__unflagged_pairs__pairs35__no_imputation__moderated_t,log2_uncentered__unflagged_pairs__pairs20__no_imputation__ordinary_t,1790,0.9704640934268625,1.0
log2_median_centered__unflagged_pairs__pairs35__no_imputation__moderated_t,log2_uncentered__unflagged_pairs__pairs30__no_imputation__moderated_t,1790,0.9727912012343561,1.0
log2_median_centered__unflagged_pairs__pairs35__no_imputation__moderated_t,log2_uncentered__unflagged_pairs__pairs30__no_imputation__ordinary_t,1790,0.9704640934268625,1.0
log2_median_centered__unflagged_pairs__pairs35__no_imputation__moderated_t,log2_uncentered__unflagged_pairs__pairs35__no_imputation__moderated_t,1790,0.972445874721288,1.0
log2_median_centered__unflagged_pairs__pairs35__no_imputation__moderated_t,log2_uncentered__unflagged_pairs__pairs35__no_imputation__ordinary_t,1790,0.9704640934268625,1.0
log2_median_centered__unflagged_pairs__pairs35__no_imputation__ordinary_t,log2_uncentered__all_pairs__pairs20__no_imputation__moderated_t,1790,0.9330226060064568,0.9805294489388882
log2_median_centered__unflagged_pairs__pairs35__no_imputation__ordinary_t,log2_uncentered__all_pairs__pairs20__no_imputation__ordinary_t,1790,0.9312114239225353,0.9805294489388882
log2_median_centered__unflagged_pairs__pairs35__no_imputation__ordinary_t,log2_uncentered__all_pairs__pairs30__no_imputation__moderated_t,1790,0.932907615731979,0.9805294489388882
log2_median_centered__unflagged_pairs__pairs35__no_imputation__ordinary_t,log2_uncentered__all_pairs__pairs30__no_imputation__ordinary_t,1790,0.9312114239225353,0.9805294489388882
log2_median_centered__unflagged_pairs__pairs35__no_imputation__ordinary_t,log2_uncentered__all_pairs__pairs35__no_imputation__moderated_t,1790,0.9328238047924651,0.9805294489388882
log2_median_centered__unflagged_pairs__pairs35__no_imputation__ordinary_t,log2_uncentered__all_pairs__pairs35__no_imputation__ordinary_t,1790,0.9312114239225353,0.9805294489388882
log2_median_centered__unflagged_pairs__pairs35__no_imputation__ordinary_t,log2_uncentered__unflagged_pairs__pairs20__no_imputation__moderated_t,1790,0.9609229532992013,1.0
log2_median_centered__unflagged_pairs__pairs35__no_imputation__ordinary_t,log2_uncentered__unflagged_pairs__pairs20__no_imputation__ordinary_t,1790,0.9594405058530117,1.0
log2_median_centered__unflagged_pairs__pairs35__no_imputation__ordinary_t,log2_uncentered__unflagged_pairs__pairs30__no_imputation__moderated_t,1790,0.9608327420385454,1.0
log2_median_centered__unflagged_pairs__pairs35__no_imputation__ordinary_t,log2_uncentered__unflagged_pairs__pairs30__no_imputation__ordinary_t,1790,0.9594405058530117,1.0
log2_median_centered__unflagged_pairs__pairs35__no_imputation__ordinary_t,log2_uncentered__unflagged_pairs__pairs35__no_imputation__moderated_t,1790,0.9606676685711389,1.0
log2_median_centered__unflagged_pairs__pairs35__no_imputation__ordinary_t,log2_uncentered__unflagged_pairs__pairs35__no_imputation__ordinary_t,1790,0.9594405058530117,1.0
log2_uncentered__all_pairs__pairs20__no_imputation__moderated_t,log2_uncentered__all_pairs__pairs20__no_imputation__ordinary_t,4374,0.9996071668293571,1.0
log2_uncentered__all_pairs__pairs20__no_imputation__moderated_t,log2_uncentered__all_pairs__pairs30__no_imputation__moderated_t,3430,0.999995538242336,1.0
log2_uncentered__all_pairs__pairs20__no_imputation__moderated_t,log2_uncentered__all_pairs__pairs30__no_imputation__ordinary_t,3430,0.9995572511394427,1.0
log2_uncentered__all_pairs__pairs20__no_imputation__moderated_t,log2_uncentered__all_pairs__pairs35__no_imputation__moderated_t,2845,0.9999859606112629,1.0
log2_uncentered__all_pairs__pairs20__no_imputation__moderated_t,log2_uncentered__all_pairs__pairs35__no_imputation__ordinary_t,2845,0.9994899128052396,1.0
log2_uncentered__all_pairs__pairs20__no_imputation__moderated_t,log2_uncentered__unflagged_pairs__pairs20__no_imputation__moderated_t,4212,0.9816847641325742,0.9817802660147059
log2_uncentered__all_pairs__pairs20__no_imputation__moderated_t,log2_uncentered__unflagged_pairs__pairs20__no_imputation__ordinary_t,4212,0.9810749984812321,0.9817802660147059
log2_uncentered__all_pairs__pairs20__no_imputation__moderated_t,log2_uncentered__unflagged_pairs__pairs30__no_imputation__moderated_t,3098,0.9816212761366268,0.9814308351869351
log2_uncentered__all_pairs__pairs20__no_imputation__moderated_t,log2_uncentered__unflagged_pairs__pairs30__no_imputation__ordinary_t,3098,0.9809534302360161,0.9814308351869351
log2_uncentered__all_pairs__pairs20__no_imputation__moderated_t,log2_uncentered__unflagged_pairs__pairs35__no_imputation__moderated_t,1790,0.9829024323401554,0.9805294489388882
log2_uncentered__all_pairs__pairs20__no_imputation__moderated_t,log2_uncentered__unflagged_pairs__pairs35__no_imputation__ordinary_t,1790,0.9819133389717466,0.9805294489388882
log2_uncentered__all_pairs__pairs20__no_imputation__ordinary_t,log2_uncentered__all_pairs__pairs30__no_imputation__moderated_t,3430,0.9996297701647863,1.0
log2_uncentered__all_pairs__pairs20__no_imputation__ordinary_t,log2_uncentered__all_pairs__pairs30__no_imputation__ordinary_t,3430,1.0,1.0
log2_uncentered__all_pairs__pairs20__no_imputation__ordinary_t,log2_uncentered__all_pairs__pairs35__no_imputation__moderated_t,2845,0.9996296844799939,1.0
log2_uncentered__all_pairs__pairs20__no_imputation__ordinary_t,log2_uncentered__all_pairs__pairs35__no_imputation__ordinary_t,2845,1.0,1.0
log2_uncentered__all_pairs__pairs20__no_imputation__ordinary_t,log2_uncentered__unflagged_pairs__pairs20__no_imputation__moderated_t,4212,0.9810604157022496,0.9817802660147059
log2_uncentered__all_pairs__pairs20__no_imputation__ordinary_t,log2_uncentered__unflagged_pairs__pairs20__no_imputation__ordinary_t,4212,0.9812780827244376,0.9817802660147059
log2_uncentered__all_pairs__pairs20__no_imputation__ordinary_t,log2_uncentered__unflagged_pairs__pairs30__no_imputation__moderated_t,3098,0.9809780199780914,0.9814308351869351
log2_uncentered__all_pairs__pairs20__no_imputation__ordinary_t,log2_uncentered__unflagged_pairs__pairs30__no_imputation__ordinary_t,3098,0.981164068691652,0.9814308351869351
log2_uncentered__all_pairs__pairs20__no_imputation__ordinary_t,log2_uncentered__unflagged_pairs__pairs35__no_imputation__moderated_t,1790,0.9826326543056048,0.9805294489388882
log2_uncentered__all_pairs__pairs20__no_imputation__ordinary_t,log2_uncentered__unflagged_pairs__pairs35__no_imputation__ordinary_t,1790,0.9825782233299586,0.9805294489388882
log2_uncentered__all_pairs__pairs30__no_imputation__moderated_t,log2_uncentered__all_pairs__pairs30__no_imputation__ordinary_t,3430,0.9996297701647863,1.0
log2_uncentered__all_pairs__pairs30__no_imputation__moderated_t,log2_uncentered__all_pairs__pairs35__no_imputation__moderated_t,2845,0.999996860796639,1.0
log2_uncentered__all_pairs__pairs30__no_imputation__moderated_t,log2_uncentered__all_pairs__pairs35__no_imputation__ordinary_t,2845,0.9995734956580791,1.0
log2_uncentered__all_pairs__pairs30__no_imputation__moderated_t,log2_uncentered__unflagged_pairs__pairs20__no_imputation__moderated_t,3430,0.9815484469755373,0.980763091091644
log2_uncentered__all_pairs__pairs30__no_imputation__moderated_t,log2_uncentered__unflagged_pairs__pairs20__no_imputation__ordinary_t,3430,0.9809758099380566,0.980763091091644
log2_uncentered__all_pairs__pairs30__no_imputation__moderated_t,log2_uncentered__unflagged_pairs__pairs30__no_imputation__moderated_t,3098,0.9816083706386235,0.9814308351869351
log2_uncentered__all_pairs__pairs30__no_imputation__moderated_t,log2_uncentered__unflagged_pairs__pairs30__no_imputation__ordinary_t,3098,0.9810143516771642,0.9814308351869351
log2_uncentered__all_pairs__pairs30__no_imputation__moderated_t,log2_uncentered__unflagged_pairs__pairs35__no_imputation__moderated_t,1790,0.9829335154296882,0.9805294489388882
log2_uncentered__all_pairs__pairs30__no_imputation__moderated_t,log2_uncentered__unflagged_pairs__pairs35__no_imputation__ordinary_t,1790,0.9820271659318879,0.9805294489388882
log2_uncentered__all_pairs__pairs30__no_imputation__ordinary_t,log2_uncentered__all_pairs__pairs35__no_imputation__moderated_t,2845,0.9996296844799939,1.0
log2_uncentered__all_pairs__pairs30__no_imputation__ordinary_t,log2_uncentered__all_pairs__pairs35__no_imputation__ordinary_t,2845,1.0,1.0
log2_uncentered__all_pairs__pairs30__no_imputation__ordinary_t,log2_uncentered__unflagged_pairs__pairs20__no_imputation__moderated_t,3430,0.9808893311185393,0.980763091091644
log2_uncentered__all_pairs__pairs30__no_imputation__ordinary_t,log2_uncentered__unflagged_pairs__pairs20__no_imputation__ordinary_t,3430,0.9811394256604677,0.980763091091644
log2_uncentered__all_pairs__pairs30__no_imputation__ordinary_t,log2_uncentered__unflagged_pairs__pairs30__no_imputation__moderated_t,3098,0.9809780199780914,0.9814308351869351
log2_uncentered__all_pairs__pairs30__no_imputation__ordinary_t,log2_uncentered__unflagged_pairs__pairs30__no_imputation__ordinary_t,3098,0.981164068691652,0.9814308351869351
log2_uncentered__all_pairs__pairs30__no_imputation__ordinary_t,log2_uncentered__unflagged_pairs__pairs35__no_imputation__moderated_t,1790,0.9826326543056048,0.9805294489388882
log2_uncentered__all_pairs__pairs30__no_imputation__ordinary_t,log2_uncentered__unflagged_pairs__pairs35__no_imputation__ordinary_t,1790,0.9825782233299586,0.9805294489388882
log2_uncentered__all_pairs__pairs35__no_imputation__moderated_t,log2_uncentered__all_pairs__pairs35__no_imputation__ordinary_t,2845,0.9996296844799939,1.0
log2_uncentered__all_pairs__pairs35__no_imputation__moderated_t,log2_uncentered__unflagged_pairs__pairs20__no_imputation__moderated_t,2845,0.9814926791083449,0.980909425650384
log2_uncentered__all_pairs__pairs35__no_imputation__moderated_t,log2_uncentered__unflagged_pairs__pairs20__no_imputation__ordinary_t,2845,0.9808537636768418,0.980909425650384
log2_uncentered__all_pairs__pairs35__no_imputation__moderated_t,log2_uncentered__unflagged_pairs__pairs30__no_imputation__moderated_t,2824,0.981432381340686,0.9808914754383906
log2_uncentered__all_pairs__pairs35__no_imputation__moderated_t,log2_uncentered__unflagged_pairs__pairs30__no_imputation__ordinary_t,2824,0.9808367662345903,0.9808914754383906
log2_uncentered__all_pairs__pairs35__no_imputation__moderated_t,log2_uncentered__unflagged_pairs__pairs35__no_imputation__moderated_t,1790,0.982937848566362,0.9805294489388882
log2_uncentered__all_pairs__pairs35__no_imputation__moderated_t,log2_uncentered__unflagged_pairs__pairs35__no_imputation__ordinary_t,1790,0.9820905289019616,0.9805294489388882
log2_uncentered__all_pairs__pairs35__no_imputation__ordinary_t,log2_uncentered__unflagged_pairs__pairs20__no_imputation__moderated_t,2845,0.9808377325823865,0.980909425650384
log2_uncentered__all_pairs__pairs35__no_imputation__ordinary_t,log2_uncentered__unflagged_pairs__pairs20__no_imputation__ordinary_t,2845,0.9810636984227366,0.980909425650384
log2_uncentered__all_pairs__pairs35__no_imputation__ordinary_t,log2_uncentered__unflagged_pairs__pairs30__no_imputation__moderated_t,2824,0.9808475954354633,0.9808914754383906
log2_uncentered__all_pairs__pairs35__no_imputation__ordinary_t,log2_uncentered__unflagged_pairs__pairs30__no_imputation__ordinary_t,2824,0.9810232678360454,0.9808914754383906
log2_uncentered__all_pairs__pairs35__no_imputation__ordinary_t,log2_uncentered__unflagged_pairs__pairs35__no_imputation__moderated_t,1790,0.9826326543056048,0.9805294489388882
log2_uncentered__all_pairs__pairs35__no_imputation__ordinary_t,log2_uncentered__unflagged_pairs__pairs35__no_imputation__ordinary_t,1790,0.9825782233299586,0.9805294489388882
log2_uncentered__unflagged_pairs__pairs20__no_imputation__moderated_t,log2_uncentered__unflagged_pairs__pairs20__no_imputation__ordinary_t,4212,0.9994500268257981,1.0
log2_uncentered__unflagged_pairs__pairs20__no_imputation__moderated_t,log2_uncentered__unflagged_pairs__pairs30__no_imputation__moderated_t,3098,0.9999912328819738,1.0
log2_uncentered__unflagged_pairs__pairs20__no_imputation__moderated_t,log2_uncentered__unflagged_pairs__pairs30__no_imputation__ordinary_t,3098,0.9993634514555878,1.0
log2_uncentered__unflagged_pairs__pairs20__no_imputation__moderated_t,log2_uncentered__unflagged_pairs__pairs35__no_imputation__moderated_t,1790,0.9999288474269153,1.0
log2_uncentered__unflagged_pairs__pairs20__no_imputation__moderated_t,log2_uncentered__unflagged_pairs__pairs35__no_imputation__ordinary_t,1790,0.999157998941792,1.0
log2_uncentered__unflagged_pairs__pairs20__no_imputation__ordinary_t,log2_uncentered__unflagged_pairs__pairs30__no_imputation__moderated_t,3098,0.9994879265315848,1.0
log2_uncentered__unflagged_pairs__pairs20__no_imputation__ordinary_t,log2_uncentered__unflagged_pairs__pairs30__no_imputation__ordinary_t,3098,1.0,1.0
log2_uncentered__unflagged_pairs__pairs20__no_imputation__ordinary_t,log2_uncentered__unflagged_pairs__pairs35__no_imputation__moderated_t,1790,0.9995487909594073,1.0
log2_uncentered__unflagged_pairs__pairs20__no_imputation__ordinary_t,log2_uncentered__unflagged_pairs__pairs35__no_imputation__ordinary_t,1790,1.0,1.0
log2_uncentered__unflagged_pairs__pairs30__no_imputation__moderated_t,log2_uncentered__unflagged_pairs__pairs30__no_imputation__ordinary_t,3098,0.9994879265315848,1.0
log2_uncentered__unflagged_pairs__pairs30__no_imputation__moderated_t,log2_uncentered__unflagged_pairs__pairs35__no_imputation__moderated_t,1790,0.9999702601619133,1.0
log2_uncentered__unflagged_pairs__pairs30__no_imputation__moderated_t,log2_uncentered__unflagged_pairs__pairs35__no_imputation__ordinary_t,1790,0.9993215471283512,1.0
log2_uncentered__unflagged_pairs__pairs30__no_imputation__ordinary_t,log2_uncentered__unflagged_pairs__pairs35__no_imputation__moderated_t,1790,0.9995487909594073,1.0
log2_uncentered__unflagged_pairs__pairs30__no_imputation__ordinary_t,log2_uncentered__unflagged_pairs__pairs35__no_imputation__ordinary_t,1790,1.0,1.0
log2_uncentered__unflagged_pairs__pairs35__no_imputation__moderated_t,log2_uncentered__unflagged_pairs__pairs35__no_imputation__ordinary_t,1790,0.9995487909594073,1.0
