scenario_id,representation,cohort,minimum_complete_pairs,missingness_strategy,estimator,eligible_features,fdr_supported_features,core_supported_features
log2_median_centered__all_pairs__pairs20__no_imputation__moderated_t,log2_median_centered,all_pairs,20,no_imputation,moderated_t,4374,3033,1053
log2_median_centered__all_pairs__pairs20__no_imputation__ordinary_t,log2_median_centered,all_pairs,20,no_imputation,ordinary_t,4374,3013,1050
log2_median_centered__all_pairs__pairs30__no_imputation__moderated_t,log2_median_centered,all_pairs,30,no_imputation,moderated_t,3430,2600,895
log2_median_centered__all_pairs__pairs30__no_imputation__ordinary_t,log2_median_centered,all_pairs,30,no_imputation,ordinary_t,3430,2588,895
log2_median_centered__all_pairs__pairs35__no_imputation__moderated_t,log2_median_centered,all_pairs,35,no_imputation,moderated_t,2845,2242,770
log2_median_centered__all_pairs__pairs35__no_imputation__ordinary_t,log2_median_centered,all_pairs,35,no_imputation,ordinary_t,2845,2236,770
log2_median_centered__unflagged_pairs__pairs20__no_imputation__moderated_t,log2_median_centered,unflagged_pairs,20,no_imputation,moderated_t,4212,2909,874
log2_median_centered__unflagged_pairs__pairs20__no_imputation__ordinary_t,log2_median_centered,unflagged_pairs,20,no_imputation,ordinary_t,4212,2899,874
log2_median_centered__unflagged_pairs__pairs30__no_imputation__moderated_t,log2_median_centered,unflagged_pairs,30,no_imputation,moderated_t,3098,2345,647
log2_median_centered__unflagged_pairs__pairs30__no_imputation__ordinary_t,log2_median_centered,unflagged_pairs,30,no_imputation,ordinary_t,3098,2337,647
log2_median_centered__unflagged_pairs__pairs35__no_imputation__moderated_t,log2_median_centered,unflagged_pairs,35,no_imputation,moderated_t,1790,1417,343
log2_median_centered__unflagged_pairs__pairs35__no_imputation__ordinary_t,log2_median_centered,unflagged_pairs,35,no_imputation,ordinary_t,1790,1417,343
log2_uncentered__all_pairs__pairs20__no_imputation__moderated_t,log2_uncentered,all_pairs,20,no_imputation,moderated_t,4374,2563,823
log2_uncentered__all_pairs__pairs20__no_imputation__ordinary_t,log2_uncentered,all_pairs,20,no_imputation,ordinary_t,4374,2545,823
log2_uncentered__all_pairs__pairs30__no_imputation__moderated_t,log2_uncentered,all_pairs,30,no_imputation,moderated_t,3430,2194,669
log2_uncentered__all_pairs__pairs30__no_imputation__ordinary_t,log2_uncentered,all_pairs,30,no_imputation,ordinary_t,3430,2181,669
log2_uncentered__all_pairs__pairs35__no_imputation__moderated_t,log2_uncentered,all_pairs,35,no_imputation,moderated_t,2845,1914,580
log2_uncentered__all_pairs__pairs35__no_imputation__ordinary_t,log2_uncentered,all_pairs,35,no_imputation,ordinary_t,2845,1906,580
log2_uncentered__unflagged_pairs__pairs20__no_imputation__moderated_t,log2_uncentered,unflagged_pairs,20,no_imputation,moderated_t,4212,2472,736
log2_uncentered__unflagged_pairs__pairs20__no_imputation__ordinary_t,log2_uncentered,unflagged_pairs,20,no_imputation,ordinary_t,4212,2460,735
log2_uncentered__unflagged_pairs__pairs30__no_imputation__moderated_t,log2_uncentered,unflagged_pairs,30,no_imputation,moderated_t,3098,1997,544
log2_uncentered__unflagged_pairs__pairs30__no_imputation__ordinary_t,log2_uncentered,unflagged_pairs,30,no_imputation,ordinary_t,3098,1999,544
log2_uncentered__unflagged_pairs__pairs35__no_imputation__moderated_t,log2_uncentered,unflagged_pairs,35,no_imputation,moderated_t,1790,1232,319
log2_uncentered__unflagged_pairs__pairs35__no_imputation__ordinary_t,log2_uncentered,unflagged_pairs,35,no_imputation,ordinary_t,1790,1234,319
