cluster_position,sample_id
1,P25T
2,P4T
3,P26T
4,P14T
5,P38T
6,P34T
7,P19T
8,P3T
9,P9T
10,P33T
11,P21T
12,P41T
13,P31T
14,P29T
15,P28T
16,P32N
17,P32T
18,P15T
19,P10T
20,P13T
21,P39T
22,P42T
23,P2T
24,P5T
25,P27T
26,P30T
27,P35T
28,P36T
29,P40T
30,P7T
31,P12T
32,P11T
33,P17T
34,P24T
35,P22T
36,P18T
37,P6T
38,P8T
39,P16T
40,P20T
41,P23T
42,P22N
43,P37T
44,P1N
45,P1T
46,P3N
47,P20N
48,P40N
49,P6N
50,P17N
51,P9N
52,P30N
53,P33N
54,P24N
55,P29N
56,P28N
57,P10N
58,P16N
59,P13N
60,P15N
61,P38N
62,P7N
63,P12N
64,P26N
65,P34N
66,P41N
67,P25N
68,P37N
69,P11N
70,P14N
71,P27N
72,P5N
73,P8N
74,P4N
75,P36N
76,P35N
77,P39N
78,P23N
79,P21N
80,P31N
81,P42N
82,P2N
83,P18N
84,P19N
