patient_id,primary_all_pairs_included,sensitivity_unflagged_pairs_included,pair_flagged
P1,True,False,True
P10,True,True,False
P11,True,True,False
P12,True,True,False
P13,True,True,False
P14,True,True,False
P15,True,True,False
P16,True,True,False
P17,True,True,False
P18,True,True,False
P19,True,False,True
P2,True,False,True
P20,True,True,False
P21,True,False,True
P22,True,True,False
P23,True,True,False
P24,True,True,False
P25,True,False,True
P26,True,True,False
P27,True,True,False
P28,True,True,False
P29,True,True,False
P3,True,True,False
P30,True,True,False
P31,True,False,True
P32,True,True,False
P33,True,True,False
P34,True,True,False
P35,True,True,False
P36,True,True,False
P37,True,True,False
P38,True,True,False
P39,True,True,False
P4,True,True,False
P40,True,True,False
P41,True,True,False
P42,True,False,True
P5,True,True,False
P6,True,True,False
P7,True,True,False
P8,True,True,False
P9,True,True,False
